2025-12-20 16:34:44.099 | INFO     | __main__:run_backtest:35 - ==================================================
2025-12-20 16:34:44.100 | INFO     | __main__:run_backtest:36 - 开始回测
2025-12-20 16:34:44.100 | INFO     | __main__:run_backtest:37 - ==================================================
2025-12-20 16:34:44.100 | INFO     | __main__:run_backtest:46 - 获取 ETH 30 天历史数据...
2025-12-20 16:34:45.854 | INFO     | __main__:run_backtest:59 - 获取到 2881 条数据
2025-12-20 16:34:45.854 | INFO     | strategies.base:__init__:61 - 策略初始化: SMA_CrossOver
2025-12-20 16:34:45.854 | INFO     | strategies.base:__init__:61 - 策略初始化: RSI_Strategy
2025-12-20 16:34:45.855 | INFO     | strategies.base:__init__:61 - 策略初始化: MACD_Strategy
2025-12-20 16:34:45.855 | INFO     | strategies.base:__init__:61 - 策略初始化: BollingerBands_Strategy
2025-12-20 16:34:45.859 | INFO     | engine.backtest:run:382 - 开始回测: SMA_CrossOver, 数据量: 2881
2025-12-20 16:34:45.859 | INFO     | strategies.base:on_init:106 - 策略 SMA_CrossOver 初始化
2025-12-20 16:34:45.860 | INFO     | strategies.base:on_start:113 - 策略 SMA_CrossOver 启动
2025-12-20 16:34:45.895 | DEBUG    | engine.backtest:_open_position:190 - 开仓: long 0.3460806367883717 @ 2889.78895, 手续费: 0.6001
2025-12-20 16:34:45.901 | DEBUG    | engine.backtest:_close_position:231 - 平仓: 2831.426829, PnL: -20.1980, 手续费: 0.5879
2025-12-20 16:34:45.901 | DEBUG    | engine.backtest:_check_stop_loss_take_profit:252 - 触发止损: 2831.71
2025-12-20 16:34:45.915 | DEBUG    | engine.backtest:_open_position:190 - 开仓: short 0.35494660828798064 @ 2811.0188700000003, 手续费: 0.5987
2025-12-20 16:34:45.946 | DEBUG    | engine.backtest:_close_position:231 - 平仓: 2699.1178848, PnL: 39.7189, 手续费: 0.5748
2025-12-20 16:34:45.946 | DEBUG    | engine.backtest:_check_stop_loss_take_profit:267 - 触发止盈: 2698.848
2025-12-20 16:34:45.997 | DEBUG    | engine.backtest:_open_position:190 - 开仓: long 0.36746732910306057 @ 2726.2726, 手续费: 0.6011
2025-12-20 16:34:46.068 | DEBUG    | engine.backtest:_close_position:231 - 平仓: 2765.7234, PnL: 14.4969, 手续费: 0.6098
2025-12-20 16:34:46.068 | DEBUG    | engine.backtest:_open_position:190 - 开仓: short 0.3626336006505955 @ 2765.7234, 手续费: 0.6018
2025-12-20 16:34:46.079 | DEBUG    | engine.backtest:_close_position:231 - 平仓: 2721.47212, PnL: 16.0470, 手续费: 0.5921
2025-12-20 16:34:46.079 | DEBUG    | engine.backtest:_open_position:190 - 开仓: long 0.3691495843787276 @ 2721.47212, 手续费: 0.6028
2025-12-20 16:34:46.082 | DEBUG    | engine.backtest:_close_position:231 - 平仓: 2728.92708, PnL: 2.7520, 手续费: 0.6044
2025-12-20 16:34:46.082 | DEBUG    | engine.backtest:_open_position:190 - 开仓: short 0.3681241124849724 @ 2728.92708, 手续费: 0.6028
2025-12-20 16:34:46.104 | DEBUG    | engine.backtest:_close_position:231 - 平仓: 2764.77645, PnL: -13.1970, 手续费: 0.6107
2025-12-20 16:34:46.104 | DEBUG    | engine.backtest:_open_position:190 - 开仓: long 0.36290225507627893 @ 2764.77645, 手续费: 0.6020
2025-12-20 16:34:46.139 | DEBUG    | engine.backtest:_close_position:231 - 平仓: 2750.7249, PnL: -5.0993, 手续费: 0.5989
2025-12-20 16:34:46.139 | DEBUG    | engine.backtest:_open_position:190 - 开仓: short 0.3644541094029349 @ 2750.7249, 手续费: 0.6015
2025-12-20 16:34:46.192 | DEBUG    | engine.backtest:_close_position:231 - 平仓: 2745.8745599999997, PnL: 1.7677, 手续费: 0.6004
2025-12-20 16:34:46.192 | DEBUG    | engine.backtest:_open_position:190 - 开仓: long 0.365191518103991 @ 2745.8745599999997, 手续费: 0.6017
2025-12-20 16:34:46.205 | DEBUG    | engine.backtest:_close_position:231 - 平仓: 2736.12636, PnL: -3.5600, 手续费: 0.5995
2025-12-20 16:34:46.205 | DEBUG    | engine.backtest:_open_position:190 - 开仓: short 0.3662453286421379 @ 2736.12636, 手续费: 0.6013
2025-12-20 16:34:46.287 | DEBUG    | engine.backtest:_close_position:231 - 平仓: 2740.4740199999997, PnL: -1.5923, 手续费: 0.6022
2025-12-20 16:34:46.287 | DEBUG    | engine.backtest:_open_position:190 - 开仓: long 0.365635406000085 @ 2740.4740199999997, 手续费: 0.6012
2025-12-20 16:34:46.387 | DEBUG    | engine.backtest:_close_position:231 - 平仓: 2745.22545, PnL: 1.7373, 手续费: 0.6023
2025-12-20 16:34:46.387 | DEBUG    | engine.backtest:_open_position:190 - 开仓: short 0.36494901572317306 @ 2745.22545, 手续费: 0.6011
2025-12-20 16:34:46.403 | DEBUG    | engine.backtest:_close_position:231 - 平仓: 2766.97667, PnL: -7.9381, 手续费: 0.6059
2025-12-20 16:34:46.403 | DEBUG    | engine.backtest:_open_position:190 - 开仓: long 0.36182203118180656 @ 2766.97667, 手续费: 0.6007
2025-12-20 16:34:46.565 | DEBUG    | engine.backtest:_close_position:231 - 平仓: 2792.32074, PnL: 9.1700, 手续费: 0.6062
2025-12-20 16:34:46.565 | DEBUG    | engine.backtest:_open_position:190 - 开仓: short 0.3587514607829391 @ 2792.32074, 手续费: 0.6010
2025-12-20 16:34:46.643 | DEBUG    | engine.backtest:_close_position:231 - 平仓: 2814.9814699999997, PnL: -8.1296, 手续费: 0.6059
2025-12-20 16:34:46.643 | DEBUG    | engine.backtest:_open_position:190 - 开仓: long 0.3556029682424101 @ 2814.9814699999997, 手续费: 0.6006
2025-12-20 16:34:46.750 | DEBUG    | engine.backtest:_close_position:231 - 平仓: 2795.62041, PnL: -6.8849, 手续费: 0.5965
2025-12-20 16:34:46.750 | DEBUG    | engine.backtest:_open_position:190 - 开仓: short 0.3577050255268609 @ 2795.62041, 手续费: 0.6000
2025-12-20 16:34:46.830 | DEBUG    | engine.backtest:_close_position:231 - 平仓: 2827.2827, PnL: -11.3258, 手续费: 0.6068
2025-12-20 16:34:46.830 | DEBUG    | engine.backtest:_open_position:190 - 开仓: long 0.3533265738957381 @ 2827.2827, 手续费: 0.5994
2025-12-20 16:34:46.907 | DEBUG    | engine.backtest:_close_position:231 - 平仓: 2770.182954, PnL: -20.1749, 手续费: 0.5873
2025-12-20 16:34:46.907 | DEBUG    | engine.backtest:_check_stop_loss_take_profit:252 - 触发止损: 2770.46
2025-12-20 16:34:46.907 | DEBUG    | engine.backtest:_open_position:190 - 开仓: short 0.35806799634972 @ 2783.32164, 手续费: 0.5980
2025-12-20 16:34:46.947 | DEBUG    | engine.backtest:_close_position:231 - 平仓: 2839.5559272, PnL: -20.1357, 手续费: 0.6101
2025-12-20 16:34:46.947 | DEBUG    | engine.backtest:_check_stop_loss_take_profit:256 - 触发止损: 2839.272
2025-12-20 16:34:46.976 | DEBUG    | engine.backtest:_open_position:190 - 开仓: long 0.3482070169220467 @ 2856.58563, 手续费: 0.5968
2025-12-20 16:34:47.094 | DEBUG    | engine.backtest:_close_position:231 - 平仓: 2824.4175299999997, PnL: -11.2012, 手续费: 0.5901
2025-12-20 16:34:47.094 | DEBUG    | engine.backtest:_open_position:190 - 开仓: short 0.3516638569442876 @ 2824.4175299999997, 手续费: 0.5959
2025-12-20 16:34:47.255 | DEBUG    | engine.backtest:_close_position:231 - 平仓: 2829.18289, PnL: -1.6758, 手续费: 0.5970
2025-12-20 16:34:47.256 | DEBUG    | engine.backtest:_open_position:190 - 开仓: long 0.35104034296264874 @ 2829.18289, 手续费: 0.5959
2025-12-20 16:34:47.333 | DEBUG    | engine.backtest:_close_position:231 - 平仓: 2941.7617944, PnL: 39.5197, 手续费: 0.6196
2025-12-20 16:34:47.334 | DEBUG    | engine.backtest:_check_stop_loss_take_profit:263 - 触发止盈: 2942.056
2025-12-20 16:34:47.518 | DEBUG    | engine.backtest:_open_position:190 - 开仓: short 0.33853650621932857 @ 2944.40553, 手续费: 0.5981
2025-12-20 16:34:47.878 | DEBUG    | engine.backtest:_close_position:231 - 平仓: 2927.1926900000003, PnL: 5.8272, 手续费: 0.5946
2025-12-20 16:34:47.878 | DEBUG    | engine.backtest:_open_position:190 - 开仓: long 0.3407536650773134 @ 2927.1926900000003, 手续费: 0.5985
2025-12-20 16:34:47.941 | DEBUG    | engine.backtest:_close_position:231 - 平仓: 2868.0751638, PnL: -20.1445, 手续费: 0.5864
2025-12-20 16:34:47.941 | DEBUG    | engine.backtest:_check_stop_loss_take_profit:252 - 触发止损: 2868.362
2025-12-20 16:34:47.973 | DEBUG    | engine.backtest:_open_position:190 - 开仓: short 0.3437716633564131 @ 2894.7105, 手续费: 0.5971
2025-12-20 16:34:48.013 | DEBUG    | engine.backtest:_close_position:231 - 平仓: 2948.59483, PnL: -18.5239, 手续费: 0.6082
2025-12-20 16:34:48.014 | DEBUG    | engine.backtest:_open_position:190 - 开仓: long 0.33688771464028555 @ 2948.59483, 手续费: 0.5960
2025-12-20 16:34:48.087 | DEBUG    | engine.backtest:_close_position:231 - 平仓: 2889.0450666, PnL: -20.0616, 手续费: 0.5840
2025-12-20 16:34:48.087 | DEBUG    | engine.backtest:_check_stop_loss_take_profit:252 - 触发止损: 2889.3340000000003
2025-12-20 16:34:48.397 | DEBUG    | engine.backtest:_open_position:190 - 开仓: short 0.3377941763928342 @ 2933.8065899999997, 手续费: 0.5946
2025-12-20 16:34:48.776 | DEBUG    | engine.backtest:_close_position:231 - 平仓: 2908.9908699999996, PnL: 8.3826, 手续费: 0.5896
2025-12-20 16:34:48.776 | DEBUG    | engine.backtest:_open_position:190 - 开仓: long 0.340991416697069 @ 2908.9908699999996, 手续费: 0.5952
2025-12-20 16:34:48.888 | DEBUG    | engine.backtest:_close_position:231 - 平仓: 3024.7454952, PnL: 39.4713, 手续费: 0.6188
2025-12-20 16:34:48.888 | DEBUG    | engine.backtest:_check_stop_loss_take_profit:263 - 触发止盈: 3025.048
2025-12-20 16:34:49.149 | DEBUG    | engine.backtest:_open_position:190 - 开仓: short 0.3294839226712381 @ 3021.59781, 手续费: 0.5973
2025-12-20 16:34:49.189 | DEBUG    | engine.backtest:_close_position:231 - 平仓: 3039.10388, PnL: -5.7680, 手续费: 0.6008
2025-12-20 16:34:49.189 | DEBUG    | engine.backtest:_open_position:190 - 开仓: long 0.32742228999367545 @ 3039.10388, 手续费: 0.5970
2025-12-20 16:34:49.389 | DEBUG    | engine.backtest:_close_position:231 - 平仓: 3029.3970299999996, PnL: -3.1782, 手续费: 0.5951
2025-12-20 16:34:49.389 | DEBUG    | engine.backtest:_open_position:190 - 开仓: short 0.3282614823841739 @ 3029.3970299999996, 手续费: 0.5967
2025-12-20 16:34:49.594 | DEBUG    | engine.backtest:_close_position:231 - 平仓: 3030.10298, PnL: -0.2317, 手续费: 0.5968
2025-12-20 16:34:49.594 | DEBUG    | engine.backtest:_open_position:190 - 开仓: long 0.328203608664808 @ 3030.10298, 手续费: 0.5967
2025-12-20 16:34:49.615 | DEBUG    | engine.backtest:_close_position:231 - 平仓: 3023.89758, PnL: -2.0366, 手续费: 0.5955
2025-12-20 16:34:49.615 | DEBUG    | engine.backtest:_open_position:190 - 开仓: short 0.3287045874530374 @ 3023.89758, 手续费: 0.5964
2025-12-20 16:34:49.847 | DEBUG    | engine.backtest:_close_position:231 - 平仓: 3015.3015, PnL: 2.8256, 手续费: 0.5947
2025-12-20 16:34:49.847 | DEBUG    | engine.backtest:_open_position:190 - 开仓: long 0.32976181217975414 @ 3015.3015, 手续费: 0.5966
2025-12-20 16:34:50.101 | DEBUG    | engine.backtest:_close_position:231 - 平仓: 3010.8988799999997, PnL: -1.4518, 手续费: 0.5957
2025-12-20 16:34:50.101 | DEBUG    | engine.backtest:_open_position:190 - 开仓: short 0.3300901466131552 @ 3010.8988799999997, 手续费: 0.5963
2025-12-20 16:34:50.364 | DEBUG    | engine.backtest:_close_position:231 - 平仓: 3027.70274, PnL: -5.5468, 手续费: 0.5996
2025-12-20 16:34:50.364 | DEBUG    | engine.backtest:_open_position:190 - 开仓: long 0.3281010681267031 @ 3027.70274, 手续费: 0.5960
2025-12-20 16:34:50.948 | DEBUG    | engine.backtest:_close_position:231 - 平仓: 3015.79839, PnL: -3.9058, 手续费: 0.5937
2025-12-20 16:34:50.949 | DEBUG    | engine.backtest:_open_position:190 - 开仓: short 0.3291613732638795 @ 3015.79839, 手续费: 0.5956
2025-12-20 16:34:51.148 | DEBUG    | engine.backtest:_close_position:231 - 平仓: 3047.70474, PnL: -10.5023, 手续费: 0.6019
2025-12-20 16:34:51.148 | DEBUG    | engine.backtest:_open_position:190 - 开仓: long 0.32539661082955285 @ 3047.70474, 手续费: 0.5950
2025-12-20 16:34:51.250 | DEBUG    | engine.backtest:_close_position:231 - 平仓: 3035.29644, PnL: -4.0376, 手续费: 0.5926
2025-12-20 16:34:51.250 | DEBUG    | engine.backtest:_open_position:190 - 开仓: short 0.3264893618023802 @ 3035.29644, 手续费: 0.5946
2025-12-20 16:34:52.173 | DEBUG    | engine.backtest:_close_position:231 - 平仓: 3002.40021, PnL: 10.7403, 手续费: 0.5882
2025-12-20 16:34:52.173 | DEBUG    | engine.backtest:_open_position:190 - 开仓: long 0.33045097064640905 @ 3002.40021, 手续费: 0.5953
2025-12-20 16:34:52.229 | DEBUG    | engine.backtest:_close_position:231 - 平仓: 2968.30314, PnL: -11.2674, 手续费: 0.5885
2025-12-20 16:34:52.229 | DEBUG    | engine.backtest:_open_position:190 - 开仓: short 0.33376060651713535 @ 2968.30314, 手续费: 0.5944
2025-12-20 16:34:52.590 | DEBUG    | engine.backtest:_close_position:231 - 平仓: 2994.9994699999997, PnL: -8.9102, 手续费: 0.5998
2025-12-20 16:34:52.590 | DEBUG    | engine.backtest:_open_position:190 - 开仓: long 0.3305143417530144 @ 2994.9994699999997, 手续费: 0.5939
2025-12-20 16:34:52.887 | DEBUG    | engine.backtest:_close_position:231 - 平仓: 2988.30114, PnL: -2.2139, 手续费: 0.5926
2025-12-20 16:34:52.887 | DEBUG    | engine.backtest:_open_position:190 - 开仓: short 0.3310751709278309 @ 2988.30114, 手续费: 0.5936
2025-12-20 16:34:52.902 | DEBUG    | engine.backtest:_close_position:231 - 平仓: 2991.19909, PnL: -0.9594, 手续费: 0.5942
2025-12-20 16:34:52.902 | DEBUG    | engine.backtest:_open_position:190 - 开仓: long 0.33074878199274926 @ 2991.19909, 手续费: 0.5936
2025-12-20 16:34:52.916 | DEBUG    | engine.backtest:_close_position:231 - 平仓: 2987.90118, PnL: -1.0908, 手续费: 0.5929
2025-12-20 16:34:52.916 | DEBUG    | engine.backtest:_open_position:190 - 开仓: short 0.330971420682233 @ 2987.90118, 手续费: 0.5933
2025-12-20 16:34:53.031 | DEBUG    | engine.backtest:_close_position:231 - 平仓: 3003.00027, PnL: -4.9974, 手续费: 0.5963
2025-12-20 16:34:53.031 | DEBUG    | engine.backtest:_open_position:190 - 开仓: long 0.32916711410596244 @ 3003.00027, 手续费: 0.5931
2025-12-20 16:34:53.756 | DEBUG    | engine.backtest:_close_position:231 - 平仓: 3033.19665, PnL: 9.9397, 手续费: 0.5991
2025-12-20 16:34:53.756 | DEBUG    | engine.backtest:_open_position:190 - 开仓: short 0.3261133489371545 @ 3033.19665, 手续费: 0.5935
2025-12-20 16:34:54.024 | DEBUG    | engine.backtest:_close_position:231 - 平仓: 2912.451216, PnL: 39.3767, 手续费: 0.5699
2025-12-20 16:34:54.024 | DEBUG    | engine.backtest:_check_stop_loss_take_profit:267 - 触发止盈: 2912.16
2025-12-20 16:34:54.570 | DEBUG    | engine.backtest:_open_position:190 - 开仓: long 0.3495920640960637 @ 2840.98407, 手续费: 0.5959
2025-12-20 16:34:54.848 | DEBUG    | engine.backtest:_close_position:231 - 平仓: 2820.31794, PnL: -7.2247, 手续费: 0.5916
2025-12-20 16:34:54.848 | DEBUG    | engine.backtest:_open_position:190 - 开仓: short 0.3517850656590873 @ 2820.31794, 手续费: 0.5953
2025-12-20 16:34:55.433 | DEBUG    | engine.backtest:_close_position:231 - 平仓: 2794.77945, PnL: 8.9841, 手续费: 0.5899
2025-12-20 16:34:55.433 | DEBUG    | engine.backtest:_open_position:190 - 开仓: long 0.3553497383045012 @ 2794.77945, 手续费: 0.5959
2025-12-20 16:34:56.236 | DEBUG    | engine.backtest:_close_position:231 - 平仓: 2796.42033, PnL: 0.5831, 手续费: 0.5962
2025-12-20 16:34:56.236 | DEBUG    | engine.backtest:_open_position:190 - 开仓: short 0.3550484293764328 @ 2796.42033, 手续费: 0.5957
2025-12-20 16:34:56.378 | DEBUG    | engine.backtest:_close_position:231 - 平仓: 2822.58223, PnL: -9.2887, 手续费: 0.6013
2025-12-20 16:34:56.378 | DEBUG    | engine.backtest:_open_position:190 - 开仓: long 0.35145638918775596 @ 2822.58223, 手续费: 0.5952
2025-12-20 16:34:56.681 | DEBUG    | engine.backtest:_close_position:231 - 平仓: 2934.8984808, PnL: 39.4743, 手续费: 0.6189
2025-12-20 16:34:56.681 | DEBUG    | engine.backtest:_check_stop_loss_take_profit:263 - 触发止盈: 2935.192
2025-12-20 16:34:57.225 | DEBUG    | engine.backtest:_open_position:190 - 开仓: short 0.3305804533040221 @ 3011.79879, 手续费: 0.5974
2025-12-20 16:34:57.372 | DEBUG    | engine.backtest:_close_position:231 - 平仓: 2997.99977, PnL: 4.5617, 手续费: 0.5946
2025-12-20 16:34:57.372 | DEBUG    | engine.backtest:_open_position:190 - 开仓: long 0.3322808648996852 @ 2997.99977, 手续费: 0.5977
2025-12-20 16:34:57.413 | DEBUG    | engine.backtest:_close_position:231 - 平仓: 3001.9997700000004, PnL: 1.3291, 手续费: 0.5985
2025-12-20 16:34:57.413 | DEBUG    | engine.backtest:_open_position:190 - 开仓: short 0.3317761849094205 @ 3001.9997700000004, 手续费: 0.5976
2025-12-20 16:34:57.534 | DEBUG    | engine.backtest:_close_position:231 - 平仓: 3044.0043699999997, PnL: -13.9361, 手续费: 0.6060
2025-12-20 16:34:57.534 | DEBUG    | engine.backtest:_open_position:190 - 开仓: long 0.32676599932603007 @ 3044.0043699999997, 手续费: 0.5968
2025-12-20 16:34:58.323 | DEBUG    | engine.backtest:_close_position:231 - 平仓: 3054.99447, PnL: 3.5912, 手续费: 0.5990
2025-12-20 16:34:58.323 | DEBUG    | engine.backtest:_open_position:190 - 开仓: short 0.3256037752503867 @ 3054.99447, 手续费: 0.5968
2025-12-20 16:34:58.343 | DEBUG    | engine.backtest:_close_position:231 - 平仓: 3069.70694, PnL: -4.7904, 手续费: 0.5997
2025-12-20 16:34:58.343 | DEBUG    | engine.backtest:_open_position:190 - 开仓: long 0.32391298540134816 @ 3069.70694, 手续费: 0.5966
2025-12-20 16:34:59.273 | DEBUG    | engine.backtest:_close_position:231 - 平仓: 3191.8567824, PnL: 39.5659, 手续费: 0.6203
2025-12-20 16:34:59.273 | DEBUG    | engine.backtest:_check_stop_loss_take_profit:263 - 触发止盈: 3192.176
2025-12-20 16:34:59.842 | DEBUG    | engine.backtest:_open_position:190 - 开仓: short 0.3135180678817587 @ 3183.0816600000003, 手续费: 0.5988
2025-12-20 16:35:00.275 | DEBUG    | engine.backtest:_close_position:231 - 平仓: 3190.0189699999996, PnL: -2.1750, 手续费: 0.6001
2025-12-20 16:35:00.275 | DEBUG    | engine.backtest:_open_position:190 - 开仓: long 0.31279306366124876 @ 3190.0189699999996, 手续费: 0.5987
2025-12-20 16:35:00.357 | DEBUG    | engine.backtest:_close_position:231 - 平仓: 3188.28114, PnL: -0.5436, 手续费: 0.5984
2025-12-20 16:35:00.358 | DEBUG    | engine.backtest:_open_position:190 - 开仓: short 0.3128463814091957 @ 3188.28114, 手续费: 0.5985
2025-12-20 16:35:00.731 | DEBUG    | engine.backtest:_close_position:231 - 平仓: 3178.51782, PnL: 3.0544, 手续费: 0.5966
2025-12-20 16:35:00.731 | DEBUG    | engine.backtest:_open_position:190 - 开仓: long 0.31392860861294686 @ 3178.51782, 手续费: 0.5987
2025-12-20 16:35:00.753 | DEBUG    | engine.backtest:_close_position:231 - 平仓: 3167.08326, PnL: -3.5896, 手续费: 0.5965
2025-12-20 16:35:00.753 | DEBUG    | engine.backtest:_open_position:190 - 开仓: short 0.3148479561784132 @ 3167.08326, 手续费: 0.5983
2025-12-20 16:35:00.795 | DEBUG    | engine.backtest:_close_position:231 - 平仓: 3161.71614, PnL: 1.6898, 手续费: 0.5973
2025-12-20 16:35:00.795 | DEBUG    | engine.backtest:_open_position:190 - 开仓: long 0.3154611382622868 @ 3161.71614, 手续费: 0.5984
2025-12-20 16:35:00.857 | DEBUG    | engine.backtest:_close_position:231 - 平仓: 3154.28454, PnL: -2.3444, 手续费: 0.5970
2025-12-20 16:35:00.857 | DEBUG    | engine.backtest:_open_position:190 - 开仓: short 0.3160289283069345 @ 3154.28454, 手续费: 0.5981
2025-12-20 16:35:01.472 | DEBUG    | engine.backtest:_close_position:231 - 平仓: 3145.0144699999996, PnL: 2.9296, 手续费: 0.5963
2025-12-20 16:35:01.472 | DEBUG    | engine.backtest:_open_position:190 - 开仓: long 0.3170790131404859 @ 3145.0144699999996, 手续费: 0.5983
2025-12-20 16:35:02.128 | DEBUG    | engine.backtest:_close_position:231 - 平仓: 3167.18325, PnL: 7.0293, 手续费: 0.6025
2025-12-20 16:35:02.128 | DEBUG    | engine.backtest:_open_position:190 - 开仓: short 0.31498065041387546 @ 3167.18325, 手续费: 0.5986
2025-12-20 16:35:02.151 | DEBUG    | engine.backtest:_close_position:231 - 平仓: 3174.5174199999997, PnL: -2.3101, 手续费: 0.5999
2025-12-20 16:35:02.151 | DEBUG    | engine.backtest:_open_position:190 - 开仓: long 0.3142052634497385 @ 3174.5174199999997, 手续费: 0.5985
2025-12-20 16:35:02.173 | DEBUG    | engine.backtest:_close_position:231 - 平仓: 3178.08216, PnL: 1.1201, 手续费: 0.5991
2025-12-20 16:35:02.173 | DEBUG    | engine.backtest:_open_position:190 - 开仓: short 0.3137876264899841 @ 3178.08216, 手续费: 0.5983
2025-12-20 16:35:02.218 | DEBUG    | engine.backtest:_close_position:231 - 平仓: 3172.2171900000003, PnL: 1.8404, 手续费: 0.5972
2025-12-20 16:35:02.218 | DEBUG    | engine.backtest:_open_position:190 - 开仓: long 0.31445098168785474 @ 3172.2171900000003, 手续费: 0.5985
2025-12-20 16:35:02.286 | DEBUG    | engine.backtest:_close_position:231 - 平仓: 3148.08516, PnL: -7.5883, 手续费: 0.5940
2025-12-20 16:35:02.286 | DEBUG    | engine.backtest:_open_position:190 - 开仓: short 0.31651918093210296 @ 3148.08516, 手续费: 0.5979
2025-12-20 16:35:03.097 | DEBUG    | engine.backtest:_close_position:231 - 平仓: 3022.7662464, PnL: 39.6658, 手续费: 0.5741
2025-12-20 16:35:03.097 | DEBUG    | engine.backtest:_check_stop_loss_take_profit:267 - 触发止盈: 3022.464
2025-12-20 16:35:04.066 | DEBUG    | engine.backtest:_open_position:190 - 开仓: long 0.3303977745113488 @ 3028.10278, 手续费: 0.6003
2025-12-20 16:35:04.667 | DEBUG    | engine.backtest:_close_position:231 - 平仓: 3017.39823, PnL: -3.5368, 手续费: 0.5982
2025-12-20 16:35:04.667 | DEBUG    | engine.backtest:_open_position:190 - 开仓: short 0.3313466747890701 @ 3017.39823, 手续费: 0.5999
2025-12-20 16:35:04.958 | DEBUG    | engine.backtest:_close_position:231 - 平仓: 3038.20379, PnL: -6.8939, 手续费: 0.6040
2025-12-20 16:35:04.958 | DEBUG    | engine.backtest:_open_position:190 - 开仓: long 0.32887688369698603 @ 3038.20379, 手续费: 0.5995
2025-12-20 16:35:05.855 | DEBUG    | engine.backtest:_close_position:231 - 平仓: 3029.3970299999996, PnL: -2.8963, 手续费: 0.5978
2025-12-20 16:35:05.855 | DEBUG    | engine.backtest:_open_position:190 - 开仓: short 0.3296318848023551 @ 3029.3970299999996, 手续费: 0.5992
2025-12-20 16:35:06.481 | DEBUG    | engine.backtest:_close_position:231 - 平仓: 3047.1046800000004, PnL: -5.8370, 手续费: 0.6027
2025-12-20 16:35:06.481 | DEBUG    | engine.backtest:_open_position:190 - 开仓: long 0.3275508206178623 @ 3047.1046800000004, 手续费: 0.5988
2025-12-20 16:35:07.122 | DEBUG    | engine.backtest:_close_position:231 - 平仓: 3046.8952799999997, PnL: -0.0686, 手续费: 0.5988
2025-12-20 16:35:07.122 | DEBUG    | engine.backtest:_open_position:190 - 开仓: short 0.3274662692514619 @ 3046.8952799999997, 手续费: 0.5987
2025-12-20 16:35:07.675 | DEBUG    | engine.backtest:_close_position:231 - 平仓: 3041.60413, PnL: 1.7327, 手续费: 0.5976
2025-12-20 16:35:07.675 | DEBUG    | engine.backtest:_open_position:190 - 开仓: long 0.3281191780774279 @ 3041.60413, 手续费: 0.5988
2025-12-20 16:35:07.969 | DEBUG    | engine.backtest:_close_position:231 - 平仓: 2980.1759526, PnL: -20.1558, 手续费: 0.5867
2025-12-20 16:35:07.969 | DEBUG    | engine.backtest:_check_stop_loss_take_profit:252 - 触发止损: 2980.474
2025-12-20 16:35:07.971 | DEBUG    | engine.backtest:_open_position:190 - 开仓: short 0.3391372278070559 @ 2935.90638, 手续费: 0.5974
2025-12-20 16:35:08.208 | DEBUG    | engine.backtest:_close_position:231 - 平仓: 2995.2234924, PnL: -20.1166, 手续费: 0.6095
2025-12-20 16:35:08.208 | DEBUG    | engine.backtest:_check_stop_loss_take_profit:256 - 触发止损: 2994.924
2025-12-20 16:35:08.420 | DEBUG    | engine.backtest:_open_position:190 - 开仓: long 0.31923227403599264 @ 3112.91126, 手续费: 0.5962
2025-12-20 16:35:08.989 | DEBUG    | engine.backtest:_close_position:231 - 平仓: 3050.0429652, PnL: -20.0696, 手续费: 0.5842
2025-12-20 16:35:08.989 | DEBUG    | engine.backtest:_check_stop_loss_take_profit:252 - 触发止损: 3050.348
2025-12-20 16:35:09.097 | DEBUG    | engine.backtest:_open_position:190 - 开仓: short 0.32689900512990944 @ 3032.79669, 手续费: 0.5949
2025-12-20 16:35:09.393 | DEBUG    | engine.backtest:_close_position:231 - 平仓: 3094.0713761999996, PnL: -20.0306, 手续费: 0.6069
2025-12-20 16:35:09.394 | DEBUG    | engine.backtest:_check_stop_loss_take_profit:256 - 触发止损: 3093.7619999999997
2025-12-20 16:35:09.553 | DEBUG    | engine.backtest:_open_position:190 - 开仓: long 0.3181127056263782 @ 3110.51102, 手续费: 0.5937
2025-12-20 16:35:10.683 | DEBUG    | engine.backtest:_close_position:231 - 平仓: 3142.7856899999997, PnL: 10.2670, 手续费: 0.5999
2025-12-20 16:35:10.683 | DEBUG    | engine.backtest:_open_position:190 - 开仓: short 0.3150715790495756 @ 3142.7856899999997, 手续费: 0.5941
2025-12-20 16:35:11.553 | DEBUG    | engine.backtest:_close_position:231 - 平仓: 3138.6138300000002, PnL: 1.3144, 手续费: 0.5933
2025-12-20 16:35:11.553 | DEBUG    | engine.backtest:_open_position:190 - 开仓: long 0.3155575241801529 @ 3138.6138300000002, 手续费: 0.5942
2025-12-20 16:35:12.008 | DEBUG    | engine.backtest:_close_position:231 - 平仓: 3109.9889700000003, PnL: -9.0328, 手续费: 0.5888
2025-12-20 16:35:12.009 | DEBUG    | engine.backtest:_open_position:190 - 开仓: short 0.31806982976615256 @ 3109.9889700000003, 手续费: 0.5935
2025-12-20 16:35:12.735 | DEBUG    | engine.backtest:_close_position:231 - 平仓: 3123.6123300000004, PnL: -4.3332, 手续费: 0.5961
2025-12-20 16:35:12.735 | DEBUG    | engine.backtest:_open_position:190 - 开仓: long 0.3165691128971923 @ 3123.6123300000004, 手续费: 0.5933
2025-12-20 16:35:13.047 | DEBUG    | engine.backtest:_close_position:231 - 平仓: 3102.2897399999997, PnL: -6.7501, 手续费: 0.5893
2025-12-20 16:35:13.047 | DEBUG    | engine.backtest:_open_position:190 - 开仓: short 0.3184255293218548 @ 3102.2897399999997, 手续费: 0.5927
2025-12-20 16:35:13.275 | DEBUG    | engine.backtest:_close_position:231 - 平仓: 3135.3135, PnL: -10.5156, 手续费: 0.5990
2025-12-20 16:35:13.275 | DEBUG    | engine.backtest:_open_position:190 - 开仓: long 0.3147611846001159 @ 3135.3135, 手续费: 0.5921
2025-12-20 16:35:13.677 | DEBUG    | engine.backtest:_close_position:231 - 平仓: 3260.07396, PnL: 39.2698, 手续费: 0.6157
2025-12-20 16:35:13.677 | DEBUG    | engine.backtest:_check_stop_loss_take_profit:263 - 触发止盈: 3260.4
2025-12-20 16:35:14.402 | DEBUG    | engine.backtest:_open_position:190 - 开仓: short 0.2990076692793249 @ 3312.56871, 手续费: 0.5943
2025-12-20 16:35:15.208 | DEBUG    | engine.backtest:_close_position:231 - 平仓: 3325.5325199999997, PnL: -3.8763, 手续费: 0.5966
2025-12-20 16:35:15.208 | DEBUG    | engine.backtest:_open_position:190 - 开仓: long 0.2977492448885884 @ 3325.5325199999997, 手续费: 0.5941
2025-12-20 16:35:16.067 | DEBUG    | engine.backtest:_close_position:231 - 平仓: 3311.46882, PnL: -4.1875, 手续费: 0.5916
2025-12-20 16:35:16.067 | DEBUG    | engine.backtest:_open_position:190 - 开仓: short 0.29879173675033566 @ 3311.46882, 手续费: 0.5937
2025-12-20 16:35:16.307 | DEBUG    | engine.backtest:_close_position:231 - 平仓: 3323.0322699999997, PnL: -3.4551, 手续费: 0.5957
2025-12-20 16:35:16.308 | DEBUG    | engine.backtest:_open_position:190 - 开仓: long 0.2976717811998495 @ 3323.0322699999997, 手续费: 0.5935
2025-12-20 16:35:17.346 | DEBUG    | engine.backtest:_close_position:231 - 平仓: 3346.86528, PnL: 7.0944, 手续费: 0.5978
2025-12-20 16:35:17.346 | DEBUG    | engine.backtest:_open_position:190 - 开仓: short 0.29566931836445315 @ 3346.86528, 手续费: 0.5937
2025-12-20 16:35:17.812 | DEBUG    | engine.backtest:_close_position:231 - 平仓: 3213.6333311999997, PnL: 39.3926, 手续费: 0.5701
2025-12-20 16:35:17.812 | DEBUG    | engine.backtest:_check_stop_loss_take_profit:267 - 触发止盈: 3213.312
2025-12-20 16:35:19.906 | DEBUG    | engine.backtest:_open_position:190 - 开仓: long 0.3074764687224022 @ 3231.4231099999997, 手续费: 0.5962
2025-12-20 16:35:20.945 | DEBUG    | engine.backtest:_close_position:231 - 平仓: 3250.27494, PnL: 5.7965, 手续费: 0.5996
2025-12-20 16:35:20.945 | DEBUG    | engine.backtest:_open_position:190 - 开仓: short 0.30577348468683474 @ 3250.27494, 手续费: 0.5963
2025-12-20 16:35:20.978 | DEBUG    | engine.backtest:_close_position:231 - 平仓: 3251.6251300000004, PnL: -0.4129, 手续费: 0.5966
2025-12-20 16:35:20.978 | DEBUG    | engine.backtest:_open_position:190 - 开仓: long 0.3056582651783615 @ 3251.6251300000004, 手续费: 0.5963
2025-12-20 16:35:21.816 | DEBUG    | engine.backtest:_close_position:231 - 平仓: 3247.6752, PnL: -1.2073, 手续费: 0.5956
2025-12-20 16:35:21.816 | DEBUG    | engine.backtest:_open_position:190 - 开仓: short 0.30589494790869604 @ 3247.6752, 手续费: 0.5961
2025-12-20 16:35:22.673 | DEBUG    | engine.backtest:_close_position:231 - 平仓: 3118.391808, PnL: 39.5471, 手续费: 0.5723
2025-12-20 16:35:22.674 | DEBUG    | engine.backtest:_check_stop_loss_take_profit:267 - 触发止盈: 3118.08
2025-12-20 16:35:23.616 | DEBUG    | engine.backtest:_open_position:190 - 开仓: long 0.32249641529712775 @ 3093.00927, 手续费: 0.5985
2025-12-20 16:35:24.320 | DEBUG    | engine.backtest:_close_position:231 - 平仓: 3091.49082, PnL: -0.4897, 手续费: 0.5982
2025-12-20 16:35:24.320 | DEBUG    | engine.backtest:_open_position:190 - 开仓: short 0.32253574790564726 @ 3091.49082, 手续费: 0.5983
2025-12-20 16:35:24.355 | DEBUG    | engine.backtest:_close_position:231 - 平仓: 3091.3091, PnL: 0.0586, 手续费: 0.5982
2025-12-20 16:35:24.355 | DEBUG    | engine.backtest:_open_position:190 - 开仓: long 0.32258241218198325 @ 3091.3091, 手续费: 0.5983
2025-12-20 16:35:25.743 | DEBUG    | engine.backtest:_close_position:231 - 平仓: 3116.8882799999997, PnL: 8.2514, 手续费: 0.6033
2025-12-20 16:35:25.743 | DEBUG    | engine.backtest:_open_position:190 - 开仓: short 0.3200972719414685 @ 3116.8882799999997, 手续费: 0.5986
2025-12-20 16:35:26.934 | DEBUG    | engine.backtest:_close_position:231 - 平仓: 3117.3117, PnL: -0.1355, 手续费: 0.5987
2025-12-20 16:35:26.934 | DEBUG    | engine.backtest:_open_position:190 - 开仓: long 0.3200750495710224 @ 3117.3117, 手续费: 0.5987
2025-12-20 16:35:27.914 | DEBUG    | engine.backtest:_close_position:231 - 平仓: 3107.4892200000004, PnL: -3.1439, 手续费: 0.5968
2025-12-20 16:35:27.914 | DEBUG    | engine.backtest:_open_position:190 - 开仓: short 0.32088293719924177 @ 3107.4892200000004, 手续费: 0.5983
2025-12-20 16:35:30.061 | DEBUG    | engine.backtest:_close_position:231 - 平仓: 3092.3092, PnL: 4.8710, 手续费: 0.5954
2025-12-20 16:35:30.061 | DEBUG    | engine.backtest:_open_position:190 - 开仓: long 0.32264156811016 @ 3092.3092, 手续费: 0.5986
2025-12-20 16:35:30.428 | DEBUG    | engine.backtest:_close_position:231 - 平仓: 3080.79189, PnL: -3.7160, 手续费: 0.5964
2025-12-20 16:35:30.428 | DEBUG    | engine.backtest:_open_position:190 - 开仓: short 0.3236235858491405 @ 3080.79189, 手续费: 0.5982
2025-12-20 16:35:31.045 | DEBUG    | engine.backtest:_close_position:231 - 平仓: 3143.0362721999995, PnL: -20.1438, 手续费: 0.6103
2025-12-20 16:35:31.045 | DEBUG    | engine.backtest:_check_stop_loss_take_profit:256 - 触发止损: 3142.7219999999998
2025-12-20 16:35:31.045 | DEBUG    | engine.backtest:_open_position:190 - 开仓: long 0.31737843849693154 @ 3135.3135, 手续费: 0.5970
2025-12-20 16:35:32.831 | DEBUG    | engine.backtest:_close_position:231 - 平仓: 3129.48702, PnL: -1.8492, 手续费: 0.5959
2025-12-20 16:35:32.831 | DEBUG    | engine.backtest:_open_position:190 - 开仓: short 0.3178085456000559 @ 3129.48702, 手续费: 0.5967
2025-12-20 16:35:32.983 | DEBUG    | engine.backtest:_close_position:231 - 平仓: 3004.9084608000003, PnL: 39.5921, 手续费: 0.5730
2025-12-20 16:35:32.983 | DEBUG    | engine.backtest:_check_stop_loss_take_profit:267 - 触发止盈: 3004.608
2025-12-20 16:35:34.232 | DEBUG    | engine.backtest:_open_position:190 - 开仓: long 0.33672335107976387 @ 2965.69654, 手续费: 0.5992
2025-12-20 16:35:34.844 | DEBUG    | engine.backtest:_close_position:231 - 平仓: 2933.7066, PnL: -10.7718, 手续费: 0.5927
2025-12-20 16:35:34.844 | DEBUG    | engine.backtest:_open_position:190 - 开仓: short 0.3399192437983939 @ 2933.7066, 手续费: 0.5983
2025-12-20 16:35:35.908 | DEBUG    | engine.backtest:_close_position:231 - 平仓: 2928.69284, PnL: 1.7043, 手续费: 0.5973
2025-12-20 16:35:35.908 | DEBUG    | engine.backtest:_open_position:190 - 开仓: long 0.3405866425734862 @ 2928.69284, 手续费: 0.5985
2025-12-20 16:35:36.649 | DEBUG    | engine.backtest:_close_position:231 - 平仓: 2935.0064700000003, PnL: 2.1503, 手续费: 0.5998
2025-12-20 16:35:36.650 | DEBUG    | engine.backtest:_open_position:190 - 开仓: short 0.3398184621868119 @ 2935.0064700000003, 手续费: 0.5984
2025-12-20 16:35:37.479 | DEBUG    | engine.backtest:_close_position:231 - 平仓: 2950.99507, PnL: -5.4332, 手续费: 0.6017
2025-12-20 16:35:37.479 | DEBUG    | engine.backtest:_open_position:190 - 开仓: long 0.3378201103436445 @ 2950.99507, 手续费: 0.5981
2025-12-20 16:35:38.696 | DEBUG    | engine.backtest:_close_position:231 - 平仓: 2946.20535, PnL: -1.6181, 手续费: 0.5972
2025-12-20 16:35:38.696 | DEBUG    | engine.backtest:_open_position:190 - 开仓: short 0.3382061638022414 @ 2946.20535, 手续费: 0.5979
2025-12-20 16:35:40.429 | DEBUG    | engine.backtest:_close_position:231 - 平仓: 2940.9940699999997, PnL: 1.7625, 手续费: 0.5968
2025-12-20 16:35:40.429 | DEBUG    | engine.backtest:_open_position:190 - 开仓: long 0.33889252392870794 @ 2940.9940699999997, 手续费: 0.5980
2025-12-20 16:35:40.715 | DEBUG    | engine.backtest:_close_position:231 - 平仓: 2881.5978114, PnL: -20.1289, 手续费: 0.5859
2025-12-20 16:35:40.715 | DEBUG    | engine.backtest:_check_stop_loss_take_profit:252 - 触发止损: 2881.886
2025-12-20 16:35:40.837 | DEBUG    | engine.backtest:_open_position:190 - 开仓: short 0.34732116385399353 @ 2862.9136799999997, 手续费: 0.5966
2025-12-20 16:35:42.074 | DEBUG    | engine.backtest:_close_position:231 - 平仓: 2833.78335, PnL: 10.1176, 手续费: 0.5905
2025-12-20 16:35:42.074 | DEBUG    | engine.backtest:_open_position:190 - 开仓: long 0.3512768658380463 @ 2833.78335, 手续费: 0.5973
2025-12-20 16:35:43.110 | DEBUG    | engine.backtest:_close_position:231 - 平仓: 2827.8171899999998, PnL: -2.0958, 手续费: 0.5960
2025-12-20 16:35:43.111 | DEBUG    | engine.backtest:_open_position:190 - 开仓: short 0.35183129825533627 @ 2827.8171899999998, 手续费: 0.5969
2025-12-20 16:35:43.358 | DEBUG    | engine.backtest:_close_position:231 - 平仓: 2837.5837300000003, PnL: -3.4362, 手续费: 0.5990
2025-12-20 16:35:43.358 | DEBUG    | engine.backtest:_open_position:190 - 开仓: long 0.350527219973038 @ 2837.5837300000003, 手续费: 0.5968
2025-12-20 16:35:44.318 | DEBUG    | engine.backtest:_close_position:231 - 平仓: 2950.4969208, PnL: 39.5791, 手续费: 0.6205
2025-12-20 16:35:44.318 | DEBUG    | engine.backtest:_check_stop_loss_take_profit:263 - 触发止盈: 2950.7920000000004
2025-12-20 16:35:45.038 | DEBUG    | engine.backtest:_open_position:190 - 开仓: short 0.34962426919991296 @ 2855.31444, 手续费: 0.5990
2025-12-20 16:35:46.072 | DEBUG    | engine.backtest:_close_position:231 - 平仓: 2827.78275, PnL: 9.6257, 手续费: 0.5932
2025-12-20 16:35:46.073 | DEBUG    | engine.backtest:_open_position:190 - 开仓: long 0.3533971426718902 @ 2827.78275, 手续费: 0.5996
2025-12-20 16:35:47.230 | DEBUG    | engine.backtest:_close_position:231 - 平仓: 2940.3059399999997, PnL: 39.7654, 手续费: 0.6235
2025-12-20 16:35:47.230 | DEBUG    | engine.backtest:_check_stop_loss_take_profit:263 - 触发止盈: 2940.6
2025-12-20 16:35:49.294 | DEBUG    | engine.backtest:_open_position:190 - 开仓: short 0.3394188924048654 @ 2955.0044700000003, 手续费: 0.6018
2025-12-20 16:35:49.594 | DEBUG    | engine.backtest:_close_position:231 - 平仓: 2988.2988, PnL: -11.3007, 手续费: 0.6086
2025-12-20 16:35:49.594 | DEBUG    | engine.backtest:_open_position:190 - 开仓: long 0.3352856573286863 @ 2988.2988, 手续费: 0.6012
2025-12-20 16:35:50.465 | DEBUG    | engine.backtest:_close_position:231 - 平仓: 2978.00217, PnL: -3.4523, 手续费: 0.5991
2025-12-20 16:35:50.465 | DEBUG    | engine.backtest:_open_position:190 - 开仓: short 0.3362214310021756 @ 2978.00217, 手续费: 0.6008
2025-12-20 16:35:50.949 | DEBUG    | engine.backtest:_close_position:231 - 平仓: 2980.9980699999996, PnL: -1.0073, 手续费: 0.6014
2025-12-20 16:35:50.949 | DEBUG    | engine.backtest:_open_position:190 - 开仓: long 0.3358765883047552 @ 2980.9980699999996, 手续费: 0.6007
2025-12-20 16:35:51.605 | DEBUG    | engine.backtest:_close_position:231 - 平仓: 2980.8018899999997, PnL: -0.0659, 手续费: 0.6007
2025-12-20 16:35:51.605 | DEBUG    | engine.backtest:_open_position:190 - 开仓: short 0.3357890080142334 @ 2980.8018899999997, 手续费: 0.6006
2025-12-20 16:35:51.755 | DEBUG    | engine.backtest:_close_position:231 - 平仓: 2986.89866, PnL: -2.0472, 手续费: 0.6018
2025-12-20 16:35:51.755 | INFO     | strategies.base:on_stop:120 - 策略 SMA_CrossOver 停止
2025-12-20 16:35:51.757 | INFO     | engine.backtest:run:483 - 回测完成: 总收益率 0.07%
2025-12-20 16:35:51.758 | INFO     | engine.backtest:run:382 - 开始回测: RSI_Strategy, 数据量: 2881
2025-12-20 16:35:51.758 | INFO     | strategies.base:on_init:106 - 策略 RSI_Strategy 初始化
2025-12-20 16:35:51.758 | INFO     | strategies.base:on_start:113 - 策略 RSI_Strategy 启动
2025-12-20 16:35:51.790 | DEBUG    | engine.backtest:_open_position:190 - 开仓: long 0.35282080231450447 @ 2834.58343, 手续费: 0.6001
2025-12-20 16:35:51.808 | DEBUG    | engine.backtest:_close_position:231 - 平仓: 2901.50982, PnL: 23.6130, 手续费: 0.6142
2025-12-20 16:35:51.810 | DEBUG    | engine.backtest:_open_position:190 - 开仓: short 0.34685581362873313 @ 2889.21105, 手续费: 0.6013
2025-12-20 16:35:51.841 | DEBUG    | engine.backtest:_close_position:231 - 平仓: 2774.197392, PnL: 39.8932, 手续费: 0.5773
2025-12-20 16:35:51.842 | DEBUG    | engine.backtest:_check_stop_loss_take_profit:267 - 触发止盈: 2773.92
2025-12-20 16:35:51.845 | DEBUG    | engine.backtest:_open_position:190 - 开仓: long 0.35799577494450663 @ 2810.68104, 手续费: 0.6037
2025-12-20 16:35:51.883 | DEBUG    | engine.backtest:_close_position:231 - 平仓: 2753.9165808, PnL: -20.3214, 手续费: 0.5915
2025-12-20 16:35:51.883 | DEBUG    | engine.backtest:_check_stop_loss_take_profit:252 - 触发止损: 2754.192
2025-12-20 16:35:51.911 | DEBUG    | engine.backtest:_open_position:190 - 开仓: long 0.37086168080297355 @ 2707.3707099999997, 手续费: 0.6024
2025-12-20 16:35:51.927 | DEBUG    | engine.backtest:_close_position:231 - 平仓: 2652.6927042, PnL: -20.2780, 手续费: 0.5903
2025-12-20 16:35:51.927 | DEBUG    | engine.backtest:_check_stop_loss_take_profit:252 - 触发止损: 2652.958
2025-12-20 16:35:51.930 | DEBUG    | engine.backtest:_open_position:190 - 开仓: long 0.3673006738261101 @ 2727.77275, 手续费: 0.6011
2025-12-20 16:35:52.349 | DEBUG    | engine.backtest:_close_position:231 - 平仓: 2751.82479, PnL: 8.8343, 手续费: 0.6064
2025-12-20 16:35:52.354 | DEBUG    | engine.backtest:_open_position:190 - 开仓: short 0.3645860799732646 @ 2749.62501, 手续费: 0.6015
2025-12-20 16:35:52.468 | DEBUG    | engine.backtest:_close_position:231 - 平仓: 2805.1784898, PnL: -20.2540, 手续费: 0.6136
2025-12-20 16:35:52.468 | DEBUG    | engine.backtest:_check_stop_loss_take_profit:256 - 触发止损: 2804.898
2025-12-20 16:35:52.478 | DEBUG    | engine.backtest:_open_position:190 - 开仓: short 0.35519006835673644 @ 2816.31834, 手续费: 0.6002
2025-12-20 16:35:52.577 | DEBUG    | engine.backtest:_close_position:231 - 平仓: 2781.37811, PnL: 12.4104, 手续费: 0.5928
2025-12-20 16:35:52.587 | DEBUG    | engine.backtest:_open_position:190 - 开仓: long 0.3586443078245044 @ 2792.8792599999997, 手续费: 0.6010
2025-12-20 16:35:52.690 | DEBUG    | engine.backtest:_close_position:231 - 平仓: 2835.61641, PnL: 15.3274, 手续费: 0.6102
2025-12-20 16:35:52.696 | DEBUG    | engine.backtest:_open_position:190 - 开仓: short 0.35386575871033604 @ 2834.0165700000002, 手续费: 0.6017
2025-12-20 16:35:52.983 | DEBUG    | engine.backtest:_close_position:231 - 平仓: 2787.37871, PnL: 16.5035, 手续费: 0.5918
2025-12-20 16:35:52.990 | DEBUG    | engine.backtest:_open_position:190 - 开仓: long 0.36020106893022275 @ 2788.97887, 手续费: 0.6028
2025-12-20 16:35:53.054 | DEBUG    | engine.backtest:_close_position:231 - 平仓: 2856.0143700000003, PnL: 24.1463, 手续费: 0.6172
2025-12-20 16:35:53.074 | DEBUG    | engine.backtest:_open_position:190 - 开仓: short 0.35789177307788217 @ 2812.81869, 手续费: 0.6040
2025-12-20 16:35:53.092 | DEBUG    | engine.backtest:_close_position:231 - 平仓: 2869.6489362, PnL: -20.3391, 手续费: 0.6162
2025-12-20 16:35:53.092 | DEBUG    | engine.backtest:_check_stop_loss_take_profit:256 - 触发止损: 2869.362
2025-12-20 16:35:53.099 | DEBUG    | engine.backtest:_open_position:190 - 开仓: short 0.349217678178129 @ 2876.5123200000003, 手续费: 0.6027
2025-12-20 16:35:53.183 | DEBUG    | engine.backtest:_close_position:231 - 平仓: 2827.68274, PnL: 17.0522, 手续费: 0.5925
2025-12-20 16:35:53.189 | DEBUG    | engine.backtest:_open_position:190 - 开仓: long 0.35457576696488796 @ 2838.0837800000004, 手续费: 0.6038
2025-12-20 16:35:53.317 | DEBUG    | engine.backtest:_close_position:231 - 平仓: 2825.6174100000003, PnL: -4.4203, 手续费: 0.6011
2025-12-20 16:35:53.324 | DEBUG    | engine.backtest:_open_position:190 - 开仓: short 0.3573620665758001 @ 2813.81859, 手续费: 0.6033
2025-12-20 16:35:53.407 | DEBUG    | engine.backtest:_close_position:231 - 平仓: 2870.6690382, PnL: -20.3162, 手续费: 0.6155
2025-12-20 16:35:53.407 | DEBUG    | engine.backtest:_check_stop_loss_take_profit:256 - 触发止损: 2870.382
2025-12-20 16:35:53.534 | DEBUG    | engine.backtest:_open_position:190 - 开仓: short 0.33822011694328735 @ 2966.7033, 手续费: 0.6020
2025-12-20 16:35:53.621 | DEBUG    | engine.backtest:_close_position:231 - 平仓: 2938.99387, PnL: 9.3719, 手续费: 0.5964
2025-12-20 16:35:53.636 | DEBUG    | engine.backtest:_open_position:190 - 开仓: long 0.3410589975552649 @ 2944.9944699999996, 手续费: 0.6027
2025-12-20 16:35:53.893 | DEBUG    | engine.backtest:_close_position:231 - 平仓: 2885.5174194, PnL: -20.2852, 手续费: 0.5905
2025-12-20 16:35:53.893 | DEBUG    | engine.backtest:_check_stop_loss_take_profit:252 - 触发止损: 2885.806
2025-12-20 16:35:53.919 | DEBUG    | engine.backtest:_open_position:190 - 开仓: long 0.34696323184567807 @ 2888.6888400000003, 手续费: 0.6014
2025-12-20 16:35:54.010 | DEBUG    | engine.backtest:_close_position:231 - 平仓: 2919.90798, PnL: 10.8319, 手续费: 0.6079
2025-12-20 16:35:54.051 | DEBUG    | engine.backtest:_open_position:190 - 开仓: short 0.3454545306365905 @ 2903.5096200000003, 手续费: 0.6018
2025-12-20 16:35:54.368 | DEBUG    | engine.backtest:_close_position:231 - 平仓: 2962.1721876, PnL: -20.2652, 手续费: 0.6140
2025-12-20 16:35:54.368 | DEBUG    | engine.backtest:_check_stop_loss_take_profit:256 - 触发止损: 2961.876
2025-12-20 16:35:54.387 | DEBUG    | engine.backtest:_open_position:190 - 开仓: short 0.33798715609993574 @ 2961.30384, 手续费: 0.6005
2025-12-20 16:35:54.598 | DEBUG    | engine.backtest:_close_position:231 - 平仓: 2936.39361, PnL: 8.4193, 手续费: 0.5955
2025-12-20 16:35:54.607 | DEBUG    | engine.backtest:_open_position:190 - 开仓: long 0.3407044299601372 @ 2940.39401, 手续费: 0.6011
2025-12-20 16:35:55.088 | DEBUG    | engine.backtest:_close_position:231 - 平仓: 3012.6987, PnL: 24.6345, 手续费: 0.6159
2025-12-20 16:35:55.211 | DEBUG    | engine.backtest:_open_position:190 - 开仓: short 0.3336368886293923 @ 3009.09906, 手续费: 0.6024
2025-12-20 16:35:55.455 | DEBUG    | engine.backtest:_close_position:231 - 平仓: 3069.8949588, PnL: -20.2838, 手续费: 0.6145
2025-12-20 16:35:55.455 | DEBUG    | engine.backtest:_check_stop_loss_take_profit:256 - 触发止损: 3069.588
2025-12-20 16:35:55.606 | DEBUG    | engine.backtest:_open_position:190 - 开仓: long 0.33079001142054987 @ 3029.1028800000004, 手续费: 0.6012
2025-12-20 16:35:56.065 | DEBUG    | engine.backtest:_close_position:231 - 平仓: 3015.4984200000004, PnL: -4.5002, 手续费: 0.5985
2025-12-20 16:35:56.077 | DEBUG    | engine.backtest:_open_position:190 - 开仓: short 0.33176290339232023 @ 3017.8981799999997, 手续费: 0.6007
2025-12-20 16:35:56.430 | DEBUG    | engine.backtest:_close_position:231 - 平仓: 3012.5012199999996, PnL: 1.7905, 手续费: 0.5997
2025-12-20 16:35:56.442 | DEBUG    | engine.backtest:_open_position:190 - 开仓: long 0.33215662941548246 @ 3015.1014800000003, 手续费: 0.6009
2025-12-20 16:35:57.472 | DEBUG    | engine.backtest:_close_position:231 - 平仓: 3051.59481, PnL: 12.1215, 手续费: 0.6082
2025-12-20 16:35:57.497 | DEBUG    | engine.backtest:_open_position:190 - 开仓: short 0.3285086678815076 @ 3051.29484, 手续费: 0.6014
2025-12-20 16:35:58.110 | DEBUG    | engine.backtest:_close_position:231 - 平仓: 3004.3004, PnL: 15.4381, 手续费: 0.5922
2025-12-20 16:35:58.193 | DEBUG    | engine.backtest:_open_position:190 - 开仓: long 0.3346115259195724 @ 3000.50002, 手续费: 0.6024
2025-12-20 16:35:59.102 | DEBUG    | engine.backtest:_close_position:231 - 平仓: 3004.6995, PnL: 1.4052, 手续费: 0.6032
2025-12-20 16:35:59.161 | DEBUG    | engine.backtest:_open_position:190 - 开仓: short 0.3351320119396774 @ 2995.30044, 手续费: 0.6023
2025-12-20 16:36:00.483 | DEBUG    | engine.backtest:_close_position:231 - 平仓: 2998.49982, PnL: -1.0722, 手续费: 0.6029
2025-12-20 16:36:00.780 | DEBUG    | engine.backtest:_open_position:190 - 开仓: long 0.3561218104741853 @ 2818.68184, 手续费: 0.6023
2025-12-20 16:36:01.031 | DEBUG    | engine.backtest:_close_position:231 - 平仓: 2838.81609, PnL: 7.1702, 手续费: 0.6066
2025-12-20 16:36:01.049 | DEBUG    | engine.backtest:_open_position:190 - 开仓: short 0.35442188371413136 @ 2833.31664, 手续费: 0.6025
2025-12-20 16:36:01.544 | DEBUG    | engine.backtest:_close_position:231 - 平仓: 2769.9769699999997, PnL: 22.4490, 手续费: 0.5890
2025-12-20 16:36:01.686 | DEBUG    | engine.backtest:_open_position:190 - 开仓: long 0.3684074933799363 @ 2732.0731800000003, 手续费: 0.6039
2025-12-20 16:36:02.039 | DEBUG    | engine.backtest:_close_position:231 - 平仓: 2792.82069, PnL: 22.3798, 手续费: 0.6173
2025-12-20 16:36:02.181 | DEBUG    | engine.backtest:_open_position:190 - 开仓: short 0.36114425605744366 @ 2792.32074, 手续费: 0.6051
2025-12-20 16:36:03.201 | DEBUG    | engine.backtest:_close_position:231 - 平仓: 2848.7368451999996, PnL: -20.3744, 手续费: 0.6173
2025-12-20 16:36:03.202 | DEBUG    | engine.backtest:_check_stop_loss_take_profit:256 - 触发止损: 2848.4519999999998
2025-12-20 16:36:03.560 | DEBUG    | engine.backtest:_open_position:190 - 开仓: short 0.3340985924238454 @ 3011.89878, 手续费: 0.6038
2025-12-20 16:36:03.713 | DEBUG    | engine.backtest:_close_position:231 - 平仓: 2978.59783, PnL: 11.1258, 手续费: 0.5971
2025-12-20 16:36:03.790 | DEBUG    | engine.backtest:_open_position:190 - 开仓: long 0.3364273035975438 @ 2994.59943, 手续费: 0.6045
2025-12-20 16:36:04.289 | DEBUG    | engine.backtest:_close_position:231 - 平仓: 3035.79639, PnL: 13.8598, 手续费: 0.6128
2025-12-20 16:36:04.309 | DEBUG    | engine.backtest:_open_position:190 - 开仓: short 0.33257337311749074 @ 3032.49672, 手续费: 0.6051
2025-12-20 16:36:05.196 | DEBUG    | engine.backtest:_close_position:231 - 平仓: 3093.7653456000003, PnL: -20.3763, 手续费: 0.6173
2025-12-20 16:36:05.196 | DEBUG    | engine.backtest:_check_stop_loss_take_profit:256 - 触发止损: 3093.456
2025-12-20 16:36:05.218 | DEBUG    | engine.backtest:_open_position:190 - 开仓: short 0.32729623386040585 @ 3074.79249, 手续费: 0.6038
2025-12-20 16:36:05.482 | DEBUG    | engine.backtest:_close_position:231 - 平仓: 3136.9156602, PnL: -20.3327, 手续费: 0.6160
2025-12-20 16:36:05.482 | DEBUG    | engine.backtest:_check_stop_loss_take_profit:256 - 触发止损: 3136.602
2025-12-20 16:36:05.544 | DEBUG    | engine.backtest:_open_position:190 - 开仓: short 0.3225673347226392 @ 3113.18865, 手续费: 0.6025
2025-12-20 16:36:05.873 | DEBUG    | engine.backtest:_close_position:231 - 平仓: 3176.087577, PnL: -20.2891, 手续费: 0.6147
2025-12-20 16:36:05.873 | DEBUG    | engine.backtest:_check_stop_loss_take_profit:256 - 触发止损: 3175.77
2025-12-20 16:36:06.080 | DEBUG    | engine.backtest:_open_position:190 - 开仓: short 0.3123851375676613 @ 3207.7791899999997, 手续费: 0.6012
2025-12-20 16:36:06.469 | DEBUG    | engine.backtest:_close_position:231 - 平仓: 3181.11808, PnL: 8.3285, 手续费: 0.5962
2025-12-20 16:36:06.540 | DEBUG    | engine.backtest:_open_position:190 - 开仓: long 0.3132812275050494 @ 3201.5201199999997, 手续费: 0.6018
2025-12-20 16:36:07.555 | DEBUG    | engine.backtest:_close_position:231 - 平仓: 3136.8622824, PnL: -20.2561, 手续费: 0.5896
2025-12-20 16:36:07.555 | DEBUG    | engine.backtest:_check_stop_loss_take_profit:252 - 触发止损: 3137.176
2025-12-20 16:36:07.814 | DEBUG    | engine.backtest:_open_position:190 - 开仓: long 0.3212413697492565 @ 3115.51152, 手续费: 0.6005
2025-12-20 16:36:08.026 | DEBUG    | engine.backtest:_close_position:231 - 平仓: 3143.08566, PnL: 8.8580, 手续费: 0.6058
2025-12-20 16:36:08.075 | DEBUG    | engine.backtest:_open_position:190 - 开仓: short 0.31940560652953626 @ 3135.18645, 手续费: 0.6008
2025-12-20 16:36:09.019 | DEBUG    | engine.backtest:_close_position:231 - 平仓: 3113.41131, PnL: 6.9551, 手续费: 0.5967
2025-12-20 16:36:09.065 | DEBUG    | engine.backtest:_open_position:190 - 开仓: long 0.32043746457655664 @ 3127.5127199999997, 手续费: 0.6013
2025-12-20 16:36:09.612 | DEBUG    | engine.backtest:_close_position:231 - 平仓: 3064.3495344, PnL: -20.2399, 手续费: 0.5892
2025-12-20 16:36:09.612 | DEBUG    | engine.backtest:_check_stop_loss_take_profit:252 - 触发止损: 3064.656
2025-12-20 16:36:09.681 | DEBUG    | engine.backtest:_open_position:190 - 开仓: long 0.32987892842454314 @ 3031.50312, 手续费: 0.6000
2025-12-20 16:36:11.572 | DEBUG    | engine.backtest:_close_position:231 - 平仓: 3037.0962600000003, PnL: 1.8451, 手续费: 0.6011
2025-12-20 16:36:11.598 | DEBUG    | engine.backtest:_open_position:190 - 开仓: short 0.32956312808879057 @ 3033.9965700000002, 手续费: 0.5999
2025-12-20 16:36:13.558 | DEBUG    | engine.backtest:_close_position:231 - 平仓: 3036.90366, PnL: -0.9581, 手续费: 0.6005
2025-12-20 16:36:13.633 | DEBUG    | engine.backtest:_open_position:190 - 开仓: long 0.3292858006390248 @ 3036.50362, 手续费: 0.5999
2025-12-20 16:36:14.314 | DEBUG    | engine.backtest:_close_position:231 - 平仓: 2975.1784523999995, PnL: -20.1935, 手续费: 0.5878
2025-12-20 16:36:14.314 | DEBUG    | engine.backtest:_check_stop_loss_take_profit:252 - 触发止损: 2975.4759999999997
2025-12-20 16:36:14.443 | DEBUG    | engine.backtest:_open_position:190 - 开仓: long 0.335679483013558 @ 2972.2972, 手续费: 0.5986
2025-12-20 16:36:14.629 | DEBUG    | engine.backtest:_close_position:231 - 平仓: 3090.570912, PnL: 39.7021, 手续费: 0.6225
2025-12-20 16:36:14.629 | DEBUG    | engine.backtest:_check_stop_loss_take_profit:263 - 触发止盈: 3090.88
2025-12-20 16:36:15.030 | DEBUG    | engine.backtest:_open_position:190 - 开仓: short 0.3198414405148553 @ 3130.88688, 手续费: 0.6008
2025-12-20 16:36:15.123 | DEBUG    | engine.backtest:_close_position:231 - 平仓: 3086.10858, PnL: 14.3220, 手续费: 0.5922
2025-12-20 16:36:15.418 | DEBUG    | engine.backtest:_open_position:190 - 开仓: long 0.3270285699747846 @ 3066.70664, 手续费: 0.6017
2025-12-20 16:36:15.527 | DEBUG    | engine.backtest:_close_position:231 - 平仓: 3117.08826, PnL: 16.4762, 手续费: 0.6116
2025-12-20 16:36:15.554 | DEBUG    | engine.backtest:_open_position:190 - 开仓: short 0.32418550459285056 @ 3097.6902, 手续费: 0.6025
2025-12-20 16:36:16.378 | DEBUG    | engine.backtest:_close_position:231 - 平仓: 3160.275996, PnL: -20.2894, 手续费: 0.6147
2025-12-20 16:36:16.378 | DEBUG    | engine.backtest:_check_stop_loss_take_profit:256 - 触发止损: 3159.96
2025-12-20 16:36:16.407 | DEBUG    | engine.backtest:_open_position:190 - 开仓: short 0.31710417286648906 @ 3160.08396, 手续费: 0.6012
2025-12-20 16:36:16.764 | DEBUG    | engine.backtest:_close_position:231 - 平仓: 3126.3126, PnL: 10.7090, 手续费: 0.5948
2025-12-20 16:36:16.819 | DEBUG    | engine.backtest:_open_position:190 - 开仓: long 0.31894926243690236 @ 3145.41451, 手续费: 0.6019
2025-12-20 16:36:17.475 | DEBUG    | engine.backtest:_close_position:231 - 平仓: 3081.8897801999997, PnL: -20.2612, 手续费: 0.5898
2025-12-20 16:36:17.476 | DEBUG    | engine.backtest:_check_stop_loss_take_profit:252 - 触发止损: 3082.198
2025-12-20 16:36:17.897 | DEBUG    | engine.backtest:_open_position:190 - 开仓: short 0.32029375306286334 @ 3124.88748, 手续费: 0.6005
2025-12-20 16:36:18.178 | DEBUG    | engine.backtest:_close_position:231 - 平仓: 3116.41161, PnL: 2.7148, 手续费: 0.5989
2025-12-20 16:36:18.291 | DEBUG    | engine.backtest:_open_position:190 - 开仓: long 0.3225301452792417 @ 3104.3104, 手续费: 0.6007
2025-12-20 16:36:19.559 | DEBUG    | engine.backtest:_close_position:231 - 平仓: 3133.7865899999997, PnL: 9.5070, 手续费: 0.6064
2025-12-20 16:36:19.617 | DEBUG    | engine.backtest:_open_position:190 - 开仓: short 0.32212298616664753 @ 3110.18895, 手续费: 0.6011
2025-12-20 16:36:19.848 | DEBUG    | engine.backtest:_close_position:231 - 平仓: 3173.027271, PnL: -20.2417, 手续费: 0.6133
2025-12-20 16:36:19.848 | DEBUG    | engine.backtest:_check_stop_loss_take_profit:256 - 触发止损: 3172.71
2025-12-20 16:36:20.312 | DEBUG    | engine.backtest:_open_position:190 - 开仓: short 0.29827504284260886 @ 3351.6648, 手续费: 0.5998
2025-12-20 16:36:20.428 | DEBUG    | engine.backtest:_close_position:231 - 平仓: 3327.43271, PnL: 7.2278, 手续费: 0.5955
2025-12-20 16:36:20.663 | DEBUG    | engine.backtest:_open_position:190 - 开仓: long 0.3000213506945449 @ 3334.83345, 手续费: 0.6003
2025-12-20 16:36:21.457 | DEBUG    | engine.backtest:_close_position:231 - 平仓: 3324.86748, PnL: -2.9900, 手续费: 0.5985
2025-12-20 16:36:21.487 | DEBUG    | engine.backtest:_open_position:190 - 开仓: short 0.3013235032888864 @ 3318.36813, 手续费: 0.5999
2025-12-20 16:36:22.956 | DEBUG    | engine.backtest:_close_position:231 - 平仓: 3385.4125073999994, PnL: -20.2020, 手续费: 0.6121
2025-12-20 16:36:22.956 | DEBUG    | engine.backtest:_check_stop_loss_take_profit:256 - 触发止损: 3385.0739999999996
2025-12-20 16:36:23.206 | DEBUG    | engine.backtest:_open_position:190 - 开仓: short 0.29561869509625593 @ 3375.16245, 手续费: 0.5987
2025-12-20 16:36:23.297 | DEBUG    | engine.backtest:_close_position:231 - 平仓: 3443.3543010000003, PnL: -20.1588, 手续费: 0.6108
2025-12-20 16:36:23.297 | DEBUG    | engine.backtest:_check_stop_loss_take_profit:256 - 触发止损: 3443.01
2025-12-20 16:36:23.328 | DEBUG    | engine.backtest:_open_position:190 - 开仓: short 0.29269645957702006 @ 3401.55981, 手续费: 0.5974
2025-12-20 16:36:23.725 | DEBUG    | engine.backtest:_close_position:231 - 平仓: 3326.53262, PnL: 21.9602, 手续费: 0.5842
2025-12-20 16:36:24.398 | DEBUG    | engine.backtest:_open_position:190 - 开仓: long 0.3103583041348454 @ 3215.3215, 手续费: 0.5987
2025-12-20 16:36:25.695 | DEBUG    | engine.backtest:_close_position:231 - 平仓: 3150.3849299999997, PnL: -20.1536, 手续费: 0.5866
2025-12-20 16:36:25.695 | DEBUG    | engine.backtest:_check_stop_loss_take_profit:252 - 触发止损: 3150.7
2025-12-20 16:36:25.730 | DEBUG    | engine.backtest:_open_position:190 - 开仓: long 0.31290636342810824 @ 3182.3182, 手续费: 0.5975
2025-12-20 16:36:27.506 | DEBUG    | engine.backtest:_close_position:231 - 平仓: 3244.8754799999997, PnL: 19.5746, 手续费: 0.6092
2025-12-20 16:36:27.576 | DEBUG    | engine.backtest:_open_position:190 - 开仓: short 0.30691512228523077 @ 3249.77499, 手续费: 0.5984
2025-12-20 16:36:29.077 | DEBUG    | engine.backtest:_close_position:231 - 平仓: 3154.9154599999997, PnL: 29.1138, 手续费: 0.5810
2025-12-20 16:36:29.586 | DEBUG    | engine.backtest:_open_position:190 - 开仓: long 0.324603543478406 @ 3081.90816, 手续费: 0.6002
2025-12-20 16:36:30.183 | DEBUG    | engine.backtest:_close_position:231 - 平仓: 3094.09056, PnL: 3.9545, 手续费: 0.6026
2025-12-20 16:36:30.217 | DEBUG    | engine.backtest:_open_position:190 - 开仓: short 0.32379969565377215 @ 3089.79099, 手续费: 0.6003
2025-12-20 16:36:35.193 | DEBUG    | engine.backtest:_close_position:231 - 平仓: 3100.2099900000003, PnL: -3.3737, 手续费: 0.6023
2025-12-20 16:36:35.231 | DEBUG    | engine.backtest:_open_position:190 - 开仓: long 0.321642700653121 @ 3109.71094, 手续费: 0.6001
2025-12-20 16:36:37.216 | DEBUG    | engine.backtest:_close_position:231 - 平仓: 3046.9072788, PnL: -20.2003, 手续费: 0.5880
2025-12-20 16:36:37.217 | DEBUG    | engine.backtest:_check_stop_loss_take_profit:252 - 触发止损: 3047.212
2025-12-20 16:36:37.255 | DEBUG    | engine.backtest:_open_position:190 - 开仓: long 0.32578492658643954 @ 3063.60633, 手续费: 0.5988
2025-12-20 16:36:37.587 | DEBUG    | engine.backtest:_close_position:231 - 平仓: 3121.3878299999997, PnL: 18.8243, 手续费: 0.6101
2025-12-20 16:36:37.845 | DEBUG    | engine.backtest:_open_position:190 - 开仓: short 0.321552378860022 @ 3108.7890899999998, 手续费: 0.5998
2025-12-20 16:36:38.824 | DEBUG    | engine.backtest:_close_position:231 - 平仓: 3171.5991281999995, PnL: -20.1967, 手续费: 0.6119
2025-12-20 16:36:38.825 | DEBUG    | engine.backtest:_check_stop_loss_take_profit:256 - 触发止损: 3171.2819999999997
2025-12-20 16:36:39.014 | DEBUG    | engine.backtest:_open_position:190 - 开仓: short 0.31697942964140857 @ 3146.88528, 手续费: 0.5985
2025-12-20 16:36:39.349 | DEBUG    | engine.backtest:_close_position:231 - 平仓: 3133.21329, PnL: 4.3337, 手续费: 0.5959
2025-12-20 16:36:39.387 | DEBUG    | engine.backtest:_open_position:190 - 开仓: long 0.3179682625550913 @ 3138.71384, 手续费: 0.5988
2025-12-20 16:36:39.498 | DEBUG    | engine.backtest:_close_position:231 - 平仓: 3075.3244368, PnL: -20.1558, 手续费: 0.5867
2025-12-20 16:36:39.498 | DEBUG    | engine.backtest:_check_stop_loss_take_profit:252 - 触发止损: 3075.632
2025-12-20 16:36:40.096 | DEBUG    | engine.backtest:_open_position:190 - 开仓: long 0.3388957769273554 @ 2938.5938300000003, 手续费: 0.5975
2025-12-20 16:36:40.988 | DEBUG    | engine.backtest:_close_position:231 - 平仓: 2973.7026, PnL: 11.8982, 手续费: 0.6047
2025-12-20 16:36:41.026 | DEBUG    | engine.backtest:_open_position:190 - 开仓: short 0.33655662365263367 @ 2961.60381, 手续费: 0.5980
2025-12-20 16:36:41.906 | DEBUG    | engine.backtest:_close_position:231 - 平仓: 2923.2923, PnL: 12.8940, 手续费: 0.5903
2025-12-20 16:36:41.946 | DEBUG    | engine.backtest:_open_position:190 - 开仓: long 0.3401791624500918 @ 2934.0933800000003, 手续费: 0.5989
2025-12-20 16:36:42.713 | DEBUG    | engine.backtest:_close_position:231 - 平仓: 2948.20515, PnL: 4.8005, 手续费: 0.6018
2025-12-20 16:36:42.793 | DEBUG    | engine.backtest:_open_position:190 - 开仓: short 0.3380434813038447 @ 2953.10466, 手续费: 0.5990
2025-12-20 16:36:45.715 | DEBUG    | engine.backtest:_close_position:231 - 平仓: 2931.59313, PnL: 7.2718, 手续费: 0.5946
2025-12-20 16:36:45.755 | DEBUG    | engine.backtest:_open_position:190 - 开仓: long 0.3406367660886116 @ 2932.99327, 手续费: 0.5995
2025-12-20 16:36:47.462 | DEBUG    | engine.backtest:_close_position:231 - 平仓: 2994.00057, PnL: 20.7813, 手续费: 0.6119
2025-12-20 16:36:47.619 | DEBUG    | engine.backtest:_open_position:190 - 开仓: short 0.3390381870830179 @ 2952.00477, 手续费: 0.6005
2025-12-20 16:36:47.788 | DEBUG    | engine.backtest:_close_position:231 - 平仓: 2834.4914208, PnL: 39.8415, 手续费: 0.5766
2025-12-20 16:36:47.788 | DEBUG    | engine.backtest:_check_stop_loss_take_profit:267 - 触发止盈: 2834.208
2025-12-20 16:36:48.325 | DEBUG    | engine.backtest:_open_position:190 - 开仓: long 0.3563910337027702 @ 2819.68194, 手续费: 0.6029
2025-12-20 16:36:50.674 | DEBUG    | engine.backtest:_close_position:231 - 平仓: 2844.31554, PnL: 8.7792, 手续费: 0.6082
2025-12-20 16:36:50.968 | DEBUG    | engine.backtest:_open_position:190 - 开仓: short 0.3529043602033289 @ 2849.11506, 手续费: 0.6033
2025-12-20 16:36:51.306 | DEBUG    | engine.backtest:_close_position:231 - 平仓: 2906.6786388, PnL: -20.3144, 手续费: 0.6155
2025-12-20 16:36:51.306 | DEBUG    | engine.backtest:_check_stop_loss_take_profit:256 - 触发止损: 2906.388
2025-12-20 16:36:51.559 | DEBUG    | engine.backtest:_open_position:190 - 开仓: short 0.3427188897763025 @ 2927.50722, 手续费: 0.6020
2025-12-20 16:36:51.727 | DEBUG    | engine.backtest:_close_position:231 - 平仓: 2986.6546356000003, PnL: -20.2709, 手续费: 0.6141
2025-12-20 16:36:51.727 | DEBUG    | engine.backtest:_check_stop_loss_take_profit:256 - 触发止损: 2986.356
2025-12-20 16:36:51.769 | DEBUG    | engine.backtest:_open_position:190 - 开仓: short 0.33781964915388335 @ 2963.60361, 手续费: 0.6007
2025-12-20 16:36:52.018 | DEBUG    | engine.backtest:_close_position:231 - 平仓: 2845.6285344000003, PnL: 39.8543, 手续费: 0.5768
2025-12-20 16:36:52.018 | DEBUG    | engine.backtest:_check_stop_loss_take_profit:267 - 触发止盈: 2845.344
2025-12-20 16:36:52.061 | DEBUG    | engine.backtest:_open_position:190 - 开仓: long 0.3536704221063026 @ 2842.2842, 手续费: 0.6031
2025-12-20 16:36:52.467 | DEBUG    | engine.backtest:_close_position:231 - 平仓: 2784.881484, PnL: -20.3016, 手续费: 0.5910
2025-12-20 16:36:52.467 | DEBUG    | engine.backtest:_check_stop_loss_take_profit:252 - 触发止损: 2785.16
2025-12-20 16:36:52.596 | DEBUG    | engine.backtest:_open_position:190 - 开仓: long 0.359272760548258 @ 2791.9791699999996, 手续费: 0.6018
2025-12-20 16:36:53.241 | DEBUG    | engine.backtest:_close_position:231 - 平仓: 2823.01767, PnL: 11.1513, 手续费: 0.6085
2025-12-20 16:36:53.285 | DEBUG    | engine.backtest:_open_position:190 - 开仓: short 0.3566901820639816 @ 2814.41853, 手续费: 0.6023
2025-12-20 16:36:53.711 | DEBUG    | engine.backtest:_close_position:231 - 平仓: 2871.2810993999997, PnL: -20.2823, 手续费: 0.6145
2025-12-20 16:36:53.711 | DEBUG    | engine.backtest:_check_stop_loss_take_profit:256 - 触发止损: 2870.9939999999997
2025-12-20 16:36:54.364 | DEBUG    | engine.backtest:_open_position:190 - 开仓: short 0.3399938713901241 @ 2946.30534, 手续费: 0.6010
2025-12-20 16:36:55.871 | DEBUG    | engine.backtest:_close_position:231 - 平仓: 3005.8325532, PnL: -20.2389, 手续费: 0.6132
2025-12-20 16:36:55.872 | DEBUG    | engine.backtest:_check_stop_loss_take_profit:256 - 触发止损: 3005.5319999999997
2025-12-20 16:36:56.973 | DEBUG    | engine.backtest:_open_position:190 - 开仓: short 0.33546329907614925 @ 2979.702, 手续费: 0.5997
2025-12-20 16:36:57.759 | DEBUG    | engine.backtest:_close_position:231 - 平仓: 2975.49752, PnL: 1.4104, 手续费: 0.5989
2025-12-20 16:36:57.804 | DEBUG    | engine.backtest:_open_position:190 - 开仓: long 0.33600033982033295 @ 2975.59753, 手续费: 0.5999
2025-12-20 16:36:59.071 | DEBUG    | engine.backtest:_close_position:231 - 平仓: 2986.30134, PnL: 3.5965, 手续费: 0.6020
2025-12-20 16:36:59.071 | INFO     | strategies.base:on_stop:120 - 策略 RSI_Strategy 停止
2025-12-20 16:36:59.072 | INFO     | engine.backtest:run:483 - 回测完成: 总收益率 -0.01%
2025-12-20 16:36:59.073 | INFO     | engine.backtest:run:382 - 开始回测: MACD_Strategy, 数据量: 2881
2025-12-20 16:36:59.073 | INFO     | strategies.base:on_init:106 - 策略 MACD_Strategy 初始化
2025-12-20 16:36:59.073 | INFO     | strategies.base:on_start:113 - 策略 MACD_Strategy 启动
2025-12-20 16:36:59.098 | DEBUG    | engine.backtest:_open_position:190 - 开仓: long 0.35282080231450447 @ 2834.58343, 手续费: 0.6001
2025-12-20 16:36:59.137 | DEBUG    | engine.backtest:_close_position:231 - 平仓: 2838.11616, PnL: 1.2464, 手续费: 0.6008
2025-12-20 16:36:59.138 | DEBUG    | engine.backtest:_open_position:190 - 开仓: short 0.3523127660928897 @ 2838.11616, 手续费: 0.5999
2025-12-20 16:36:59.156 | DEBUG    | engine.backtest:_close_position:231 - 平仓: 2825.2825, PnL: 4.5215, 手续费: 0.5972
2025-12-20 16:36:59.156 | DEBUG    | engine.backtest:_open_position:190 - 开仓: long 0.3541015873432156 @ 2825.2825, 手续费: 0.6003
2025-12-20 16:36:59.167 | DEBUG    | engine.backtest:_close_position:231 - 平仓: 2796.42033, PnL: -10.2201, 手续费: 0.5941
2025-12-20 16:36:59.168 | DEBUG    | engine.backtest:_open_position:190 - 开仓: short 0.3572766228017759 @ 2796.42033, 手续费: 0.5995
2025-12-20 16:36:59.175 | DEBUG    | engine.backtest:_close_position:231 - 平仓: 2685.1004832, PnL: 39.7720, 手续费: 0.5756
2025-12-20 16:36:59.175 | DEBUG    | engine.backtest:_check_stop_loss_take_profit:267 - 触发止盈: 2684.832
2025-12-20 16:36:59.204 | DEBUG    | engine.backtest:_open_position:190 - 开仓: long 0.36875674560738236 @ 2720.37201, 手续费: 0.6019
2025-12-20 16:36:59.215 | DEBUG    | engine.backtest:_close_position:231 - 平仓: 2665.4314302, PnL: -20.2597, 手续费: 0.5897
2025-12-20 16:36:59.215 | DEBUG    | engine.backtest:_check_stop_loss_take_profit:252 - 触发止损: 2665.698
2025-12-20 16:36:59.215 | DEBUG    | engine.backtest:_open_position:190 - 开仓: short 0.37933377158523934 @ 2638.33614, 手续费: 0.6005
2025-12-20 16:36:59.217 | DEBUG    | engine.backtest:_close_position:231 - 平仓: 2691.6411372, PnL: -20.2204, 手续费: 0.6126
2025-12-20 16:36:59.217 | DEBUG    | engine.backtest:_check_stop_loss_take_profit:256 - 触发止损: 2691.372
2025-12-20 16:36:59.218 | DEBUG    | engine.backtest:_open_position:190 - 开仓: long 0.36618395626713446 @ 2727.77275, 手续费: 0.5993
2025-12-20 16:36:59.250 | DEBUG    | engine.backtest:_close_position:231 - 平仓: 2697.7302, PnL: -11.0011, 手续费: 0.5927
2025-12-20 16:36:59.250 | DEBUG    | engine.backtest:_open_position:190 - 开仓: short 0.3697358883650763 @ 2697.7302, 手续费: 0.5985
2025-12-20 16:36:59.257 | DEBUG    | engine.backtest:_close_position:231 - 平仓: 2752.235196, PnL: -20.1525, 手续费: 0.6106
2025-12-20 16:36:59.257 | DEBUG    | engine.backtest:_check_stop_loss_take_profit:256 - 触发止损: 2751.96
2025-12-20 16:36:59.257 | DEBUG    | engine.backtest:_open_position:190 - 开仓: long 0.36043425376742644 @ 2761.97617, 手续费: 0.5973
2025-12-20 16:36:59.289 | DEBUG    | engine.backtest:_close_position:231 - 平仓: 2750.62491, PnL: -4.0914, 手续费: 0.5949
2025-12-20 16:36:59.290 | DEBUG    | engine.backtest:_open_position:190 - 开仓: short 0.36165724836285 @ 2750.62491, 手续费: 0.5969
2025-12-20 16:36:59.311 | DEBUG    | engine.backtest:_close_position:231 - 平仓: 2766.2766, PnL: -5.6605, 手续费: 0.6003
2025-12-20 16:36:59.311 | DEBUG    | engine.backtest:_open_position:190 - 开仓: long 0.35943498053594564 @ 2766.2766, 手续费: 0.5966
2025-12-20 16:36:59.319 | DEBUG    | engine.backtest:_close_position:231 - 平仓: 2744.12556, PnL: -7.9619, 手续费: 0.5918
2025-12-20 16:36:59.319 | DEBUG    | engine.backtest:_open_position:190 - 开仓: short 0.36193052485851657 @ 2744.12556, 手续费: 0.5959
2025-12-20 16:36:59.334 | DEBUG    | engine.backtest:_close_position:231 - 平仓: 2764.9764699999996, PnL: -7.5466, 手续费: 0.6004
2025-12-20 16:36:59.334 | DEBUG    | engine.backtest:_open_position:190 - 开仓: long 0.358956790830959 @ 2764.9764699999996, 手续费: 0.5955
2025-12-20 16:36:59.363 | DEBUG    | engine.backtest:_close_position:231 - 平仓: 2755.22445, PnL: -3.5006, 手续费: 0.5934
2025-12-20 16:36:59.363 | DEBUG    | engine.backtest:_open_position:190 - 开仓: short 0.35998508198642765 @ 2755.22445, 手续费: 0.5951
2025-12-20 16:36:59.415 | DEBUG    | engine.backtest:_close_position:231 - 平仓: 2750.17499, PnL: 1.8177, 手续费: 0.5940
2025-12-20 16:36:59.415 | DEBUG    | engine.backtest:_open_position:190 - 开仓: long 0.360741028670382 @ 2750.17499, 手续费: 0.5953
2025-12-20 16:36:59.442 | DEBUG    | engine.backtest:_close_position:231 - 平仓: 2727.82719, PnL: -8.0618, 手续费: 0.5904
2025-12-20 16:36:59.442 | DEBUG    | engine.backtest:_open_position:190 - 开仓: short 0.3632847071207592 @ 2727.82719, 手续费: 0.5946
2025-12-20 16:36:59.486 | DEBUG    | engine.backtest:_close_position:231 - 平仓: 2740.57403, PnL: -4.6307, 手续费: 0.5974
2025-12-20 16:36:59.486 | DEBUG    | engine.backtest:_open_position:190 - 开仓: long 0.3614548557093727 @ 2740.57403, 手续费: 0.5944
2025-12-20 16:36:59.501 | DEBUG    | engine.backtest:_close_position:231 - 平仓: 2715.52842, PnL: -9.0529, 手续费: 0.5889
2025-12-20 16:36:59.501 | DEBUG    | engine.backtest:_open_position:190 - 开仓: short 0.3643387316010368 @ 2715.52842, 手续费: 0.5936
2025-12-20 16:36:59.508 | DEBUG    | engine.backtest:_close_position:231 - 平仓: 2728.67284, PnL: -4.7890, 手续费: 0.5965
2025-12-20 16:36:59.508 | DEBUG    | engine.backtest:_open_position:190 - 开仓: long 0.36243703751215134 @ 2728.67284, 手续费: 0.5934
2025-12-20 16:36:59.605 | DEBUG    | engine.backtest:_close_position:231 - 平仓: 2749.62501, PnL: 7.5938, 手续费: 0.5979
2025-12-20 16:36:59.606 | DEBUG    | engine.backtest:_open_position:190 - 开仓: short 0.35983616317247064 @ 2749.62501, 手续费: 0.5936
2025-12-20 16:36:59.658 | DEBUG    | engine.backtest:_close_position:231 - 平仓: 2758.57583, PnL: -3.2208, 手续费: 0.5956
2025-12-20 16:36:59.658 | DEBUG    | engine.backtest:_open_position:190 - 开仓: long 0.3585804514534305 @ 2758.57583, 手续费: 0.5935
2025-12-20 16:36:59.806 | DEBUG    | engine.backtest:_close_position:231 - 平仓: 2829.0170700000003, PnL: 25.2589, 手续费: 0.6087
2025-12-20 16:36:59.806 | DEBUG    | engine.backtest:_open_position:190 - 开仓: short 0.3504323077485364 @ 2829.0170700000003, 手续费: 0.5948
2025-12-20 16:36:59.908 | DEBUG    | engine.backtest:_close_position:231 - 平仓: 2815.5815300000004, PnL: 4.7082, 手续费: 0.5920
2025-12-20 16:36:59.908 | DEBUG    | engine.backtest:_open_position:190 - 开仓: long 0.3523000284370817 @ 2815.5815300000004, 手续费: 0.5952
2025-12-20 16:36:59.914 | DEBUG    | engine.backtest:_close_position:231 - 平仓: 2806.7193, PnL: -3.1222, 手续费: 0.5933
2025-12-20 16:36:59.914 | DEBUG    | engine.backtest:_open_position:190 - 开仓: short 0.35318817579845996 @ 2806.7193, 手续费: 0.5948
2025-12-20 16:36:59.946 | DEBUG    | engine.backtest:_close_position:231 - 平仓: 2817.4817199999998, PnL: -3.8012, 手续费: 0.5971
2025-12-20 16:36:59.946 | DEBUG    | engine.backtest:_open_position:190 - 开仓: long 0.35173218423955166 @ 2817.4817199999998, 手续费: 0.5946
2025-12-20 16:37:00.013 | DEBUG    | engine.backtest:_close_position:231 - 平仓: 2813.61861, PnL: -1.3588, 手续费: 0.5938
2025-12-20 16:37:00.014 | DEBUG    | engine.backtest:_open_position:190 - 开仓: short 0.35205415724606925 @ 2813.61861, 手续费: 0.5943
2025-12-20 16:37:00.109 | DEBUG    | engine.backtest:_close_position:231 - 平仓: 2820.48202, PnL: -2.4163, 手续费: 0.5958
2025-12-20 16:37:00.109 | DEBUG    | engine.backtest:_open_position:190 - 开仓: long 0.3511398316996766 @ 2820.48202, 手续费: 0.5942
2025-12-20 16:37:00.192 | DEBUG    | engine.backtest:_close_position:231 - 平仓: 2813.31864, PnL: -2.5153, 手续费: 0.5927
2025-12-20 16:37:00.192 | DEBUG    | engine.backtest:_open_position:190 - 开仓: short 0.3518319318473603 @ 2813.31864, 手续费: 0.5939
2025-12-20 16:37:00.260 | DEBUG    | engine.backtest:_close_position:231 - 平仓: 2858.2858, PnL: -15.8209, 手续费: 0.6034
2025-12-20 16:37:00.260 | DEBUG    | engine.backtest:_open_position:190 - 开仓: long 0.34577064663249685 @ 2858.2858, 手续费: 0.5930
2025-12-20 16:37:00.326 | DEBUG    | engine.backtest:_close_position:231 - 平仓: 2823.41763, PnL: -12.0564, 手续费: 0.5858
2025-12-20 16:37:00.326 | DEBUG    | engine.backtest:_open_position:190 - 开仓: short 0.3495020700254131 @ 2823.41763, 手续费: 0.5921
2025-12-20 16:37:00.332 | DEBUG    | engine.backtest:_close_position:231 - 平仓: 2880.4620174, PnL: -19.9371, 手续费: 0.6040
2025-12-20 16:37:00.332 | DEBUG    | engine.backtest:_check_stop_loss_take_profit:256 - 触发止损: 2880.174
2025-12-20 16:37:00.332 | DEBUG    | engine.backtest:_open_position:190 - 开仓: long 0.3420904126578523 @ 2878.98787, 手续费: 0.5909
2025-12-20 16:37:00.363 | DEBUG    | engine.backtest:_close_position:231 - 平仓: 2839.51602, PnL: -13.5029, 手续费: 0.5828
2025-12-20 16:37:00.363 | DEBUG    | engine.backtest:_open_position:190 - 开仓: short 0.3462595964685335 @ 2839.51602, 手续费: 0.5899
2025-12-20 16:37:00.516 | DEBUG    | engine.backtest:_close_position:231 - 平仓: 2806.88066, PnL: 11.3003, 手续费: 0.5831
2025-12-20 16:37:00.516 | DEBUG    | engine.backtest:_open_position:190 - 开仓: long 0.35071642755205834 @ 2806.88066, 手续费: 0.5907
2025-12-20 16:37:00.654 | DEBUG    | engine.backtest:_close_position:231 - 平仓: 2918.5721136, PnL: 39.1720, 手续费: 0.6142
2025-12-20 16:37:00.655 | DEBUG    | engine.backtest:_check_stop_loss_take_profit:263 - 触发止盈: 2918.864
2025-12-20 16:37:00.752 | DEBUG    | engine.backtest:_open_position:190 - 开仓: short 0.333035877218235 @ 2966.7033, 手续费: 0.5928
2025-12-20 16:37:00.984 | DEBUG    | engine.backtest:_close_position:231 - 平仓: 2937.69374, PnL: 9.6612, 手续费: 0.5870
2025-12-20 16:37:00.984 | DEBUG    | engine.backtest:_open_position:190 - 开仓: long 0.33668059766115443 @ 2937.69374, 手续费: 0.5934
2025-12-20 16:37:01.031 | DEBUG    | engine.backtest:_close_position:231 - 平仓: 2914.4085299999997, PnL: -7.8397, 手续费: 0.5887
2025-12-20 16:37:01.031 | DEBUG    | engine.backtest:_open_position:190 - 开仓: short 0.3389931733525023 @ 2914.4085299999997, 手续费: 0.5928
2025-12-20 16:37:01.163 | DEBUG    | engine.backtest:_close_position:231 - 平仓: 2894.3894099999998, PnL: 6.7863, 手续费: 0.5887
2025-12-20 16:37:01.163 | DEBUG    | engine.backtest:_open_position:190 - 开仓: long 0.3415997679075941 @ 2894.3894099999998, 手续费: 0.5932
2025-12-20 16:37:01.291 | DEBUG    | engine.backtest:_close_position:231 - 平仓: 2878.4121299999997, PnL: -5.4578, 手续费: 0.5900
2025-12-20 16:37:01.291 | DEBUG    | engine.backtest:_open_position:190 - 开仓: short 0.3431965072871137 @ 2878.4121299999997, 手续费: 0.5927
2025-12-20 16:37:01.347 | DEBUG    | engine.backtest:_close_position:231 - 平仓: 2929.2929, PnL: -17.4621, 手续费: 0.6032
2025-12-20 16:37:01.347 | DEBUG    | engine.backtest:_open_position:190 - 开仓: long 0.33666575084578604 @ 2929.2929, 手续费: 0.5917
2025-12-20 16:37:01.442 | DEBUG    | engine.backtest:_close_position:231 - 平仓: 2902.7097, PnL: -8.9497, 手续费: 0.5863
2025-12-20 16:37:01.443 | DEBUG    | engine.backtest:_open_position:190 - 开仓: short 0.3393321435743931 @ 2902.7097, 手续费: 0.5910
2025-12-20 16:37:01.503 | DEBUG    | engine.backtest:_close_position:231 - 平仓: 2929.79295, PnL: -9.1902, 手续费: 0.5965
2025-12-20 16:37:01.503 | DEBUG    | engine.backtest:_open_position:190 - 开仓: long 0.3359083262437684 @ 2929.79295, 手续费: 0.5905
2025-12-20 16:37:01.545 | DEBUG    | engine.backtest:_close_position:231 - 平仓: 2910.7089, PnL: -6.4105, 手续费: 0.5866
2025-12-20 16:37:01.545 | DEBUG    | engine.backtest:_open_position:190 - 开仓: short 0.3377824390964352 @ 2910.7089, 手续费: 0.5899
2025-12-20 16:37:01.563 | DEBUG    | engine.backtest:_close_position:231 - 平仓: 2947.79475, PnL: -12.5269, 手续费: 0.5974
2025-12-20 16:37:01.563 | DEBUG    | engine.backtest:_open_position:190 - 开仓: long 0.3331342667832689 @ 2947.79475, 手续费: 0.5892
2025-12-20 16:37:01.651 | DEBUG    | engine.backtest:_close_position:231 - 平仓: 2951.30484, PnL: 1.1693, 手续费: 0.5899
2025-12-20 16:37:01.651 | DEBUG    | engine.backtest:_open_position:190 - 开仓: short 0.3326711861148322 @ 2951.30484, 手续费: 0.5891
2025-12-20 16:37:01.669 | DEBUG    | engine.backtest:_close_position:231 - 平仓: 2976.59763, PnL: -8.4142, 手续费: 0.5941
2025-12-20 16:37:01.669 | DEBUG    | engine.backtest:_open_position:190 - 开仓: long 0.32958792196715425 @ 2976.59763, 手续费: 0.5886
2025-12-20 16:37:01.705 | DEBUG    | engine.backtest:_close_position:231 - 平仓: 2963.9035799999997, PnL: -4.1838, 手续费: 0.5861
2025-12-20 16:37:01.705 | DEBUG    | engine.backtest:_open_position:190 - 开仓: short 0.3307525391497881 @ 2963.9035799999997, 手续费: 0.5882
2025-12-20 16:37:01.859 | DEBUG    | engine.backtest:_close_position:231 - 平仓: 2945.8945599999997, PnL: 5.9565, 手续费: 0.5846
2025-12-20 16:37:01.859 | DEBUG    | engine.backtest:_open_position:190 - 开仓: long 0.33300347929543106 @ 2945.8945599999997, 手续费: 0.5886
2025-12-20 16:37:01.888 | DEBUG    | engine.backtest:_close_position:231 - 平仓: 2936.60631, PnL: -3.0930, 手续费: 0.5867
2025-12-20 16:37:01.888 | DEBUG    | engine.backtest:_open_position:190 - 开仓: short 0.33384460249261627 @ 2936.60631, 手续费: 0.5882
2025-12-20 16:37:01.900 | DEBUG    | engine.backtest:_close_position:231 - 平仓: 2943.89436, PnL: -2.4331, 手续费: 0.5897
2025-12-20 16:37:01.900 | DEBUG    | engine.backtest:_open_position:190 - 开仓: long 0.3329620583776761 @ 2943.89436, 手续费: 0.5881
2025-12-20 16:37:01.910 | DEBUG    | engine.backtest:_close_position:231 - 平仓: 2931.10686, PnL: -4.2578, 手续费: 0.5856
2025-12-20 16:37:01.910 | DEBUG    | engine.backtest:_open_position:190 - 开仓: short 0.33416250619445514 @ 2931.10686, 手续费: 0.5877
2025-12-20 16:37:02.042 | DEBUG    | engine.backtest:_close_position:231 - 平仓: 2913.9913699999997, PnL: 5.7194, 手续费: 0.5842
2025-12-20 16:37:02.042 | DEBUG    | engine.backtest:_open_position:190 - 开仓: long 0.3363485305286512 @ 2913.9913699999997, 手续费: 0.5881
2025-12-20 16:37:02.062 | DEBUG    | engine.backtest:_close_position:231 - 平仓: 2890.91088, PnL: -7.7631, 手续费: 0.5834
2025-12-20 16:37:02.062 | DEBUG    | engine.backtest:_open_position:190 - 开仓: short 0.33865704769344696 @ 2890.91088, 手续费: 0.5874
2025-12-20 16:37:02.109 | DEBUG    | engine.backtest:_close_position:231 - 平仓: 2913.39131, PnL: -7.6132, 手续费: 0.5920
2025-12-20 16:37:02.109 | DEBUG    | engine.backtest:_open_position:190 - 开仓: long 0.3358092755536064 @ 2913.39131, 手续费: 0.5870
2025-12-20 16:37:02.283 | DEBUG    | engine.backtest:_close_position:231 - 平仓: 3029.3210375999997, PnL: 38.9303, 手续费: 0.6104
2025-12-20 16:37:02.283 | DEBUG    | engine.backtest:_check_stop_loss_take_profit:263 - 触发止盈: 3029.624
2025-12-20 16:37:02.395 | DEBUG    | engine.backtest:_open_position:190 - 开仓: short 0.3263173028921256 @ 3009.09906, 手续费: 0.5892
2025-12-20 16:37:02.609 | DEBUG    | engine.backtest:_close_position:231 - 平仓: 3051.0050699999997, PnL: -13.6747, 手续费: 0.5974
2025-12-20 16:37:02.609 | DEBUG    | engine.backtest:_open_position:190 - 开仓: long 0.3214125199782506 @ 3051.0050699999997, 手续费: 0.5884
2025-12-20 16:37:02.673 | DEBUG    | engine.backtest:_close_position:231 - 平仓: 3044.9954700000003, PnL: -1.9316, 手续费: 0.5872
2025-12-20 16:37:02.673 | DEBUG    | engine.backtest:_open_position:190 - 开仓: short 0.32188042517187854 @ 3044.9954700000003, 手续费: 0.5881
2025-12-20 16:37:02.945 | DEBUG    | engine.backtest:_close_position:231 - 平仓: 3034.20339, PnL: 3.4738, 手续费: 0.5860
2025-12-20 16:37:02.945 | DEBUG    | engine.backtest:_open_position:190 - 开仓: long 0.3231657036154734 @ 3034.20339, 手续费: 0.5883
2025-12-20 16:37:02.956 | DEBUG    | engine.backtest:_close_position:231 - 平仓: 3026.4973200000004, PnL: -2.4903, 手续费: 0.5868
2025-12-20 16:37:02.956 | DEBUG    | engine.backtest:_open_position:190 - 开仓: short 0.32380265554680115 @ 3026.4973200000004, 手续费: 0.5880
2025-12-20 16:37:02.967 | DEBUG    | engine.backtest:_close_position:231 - 平仓: 3028.40281, PnL: -0.6170, 手续费: 0.5884
2025-12-20 16:37:02.967 | DEBUG    | engine.backtest:_open_position:190 - 开仓: long 0.3236044192636889 @ 3028.40281, 手续费: 0.5880
2025-12-20 16:37:03.054 | DEBUG    | engine.backtest:_close_position:231 - 平仓: 3023.89758, PnL: -1.4579, 手续费: 0.5871
2025-12-20 16:37:03.054 | DEBUG    | engine.backtest:_open_position:190 - 开仓: short 0.32393467286205324 @ 3023.89758, 手续费: 0.5877
2025-12-20 16:37:03.208 | DEBUG    | engine.backtest:_close_position:231 - 平仓: 3004.1003800000003, PnL: 6.4130, 手续费: 0.5839
2025-12-20 16:37:03.208 | DEBUG    | engine.backtest:_open_position:190 - 开仓: long 0.3263091340858741 @ 3004.1003800000003, 手续费: 0.5882
2025-12-20 16:37:03.497 | DEBUG    | engine.backtest:_close_position:231 - 平仓: 3031.19685, PnL: 8.8418, 手续费: 0.5935
2025-12-20 16:37:03.498 | DEBUG    | engine.backtest:_open_position:190 - 开仓: short 0.323580206886562 @ 3031.19685, 手续费: 0.5885
2025-12-20 16:37:03.756 | DEBUG    | engine.backtest:_close_position:231 - 平仓: 3008.20079, PnL: 7.4411, 手续费: 0.5840
2025-12-20 16:37:03.756 | DEBUG    | engine.backtest:_open_position:190 - 开仓: long 0.3263274212538917 @ 3008.20079, 手续费: 0.5890
2025-12-20 16:37:03.926 | DEBUG    | engine.backtest:_close_position:231 - 平仓: 3008.39913, PnL: 0.0647, 手续费: 0.5890
2025-12-20 16:37:03.926 | DEBUG    | engine.backtest:_open_position:190 - 开仓: short 0.3262036493752975 @ 3008.39913, 手续费: 0.5888
2025-12-20 16:37:03.951 | DEBUG    | engine.backtest:_close_position:231 - 平仓: 3020.80205, PnL: -4.0459, 手续费: 0.5912
2025-12-20 16:37:03.951 | DEBUG    | engine.backtest:_open_position:190 - 开仓: long 0.3247562745416661 @ 3020.80205, 手续费: 0.5886
2025-12-20 16:37:03.964 | DEBUG    | engine.backtest:_close_position:231 - 平仓: 3008.8990799999997, PnL: -3.8656, 手续费: 0.5863
2025-12-20 16:37:03.964 | DEBUG    | engine.backtest:_open_position:190 - 开仓: short 0.3258082812166854 @ 3008.8990799999997, 手续费: 0.5882
2025-12-20 16:37:04.014 | DEBUG    | engine.backtest:_close_position:231 - 平仓: 3021.5021199999996, PnL: -4.1062, 手续费: 0.5907
2025-12-20 16:37:04.014 | DEBUG    | engine.backtest:_open_position:190 - 开仓: long 0.32433926157758447 @ 3021.5021199999996, 手续费: 0.5880
2025-12-20 16:37:04.149 | DEBUG    | engine.backtest:_close_position:231 - 平仓: 3029.09706, PnL: 2.4633, 手续费: 0.5895
2025-12-20 16:37:04.149 | DEBUG    | engine.backtest:_open_position:190 - 开仓: short 0.323503784244115 @ 3029.09706, 手续费: 0.5880
2025-12-20 16:37:04.275 | DEBUG    | engine.backtest:_close_position:231 - 平仓: 3072.60723, PnL: -14.0757, 手续费: 0.5964
2025-12-20 16:37:04.275 | DEBUG    | engine.backtest:_open_position:190 - 开仓: long 0.3184898473647178 @ 3072.60723, 手续费: 0.5872
2025-12-20 16:37:04.401 | DEBUG    | engine.backtest:_close_position:231 - 平仓: 3027.6972, PnL: -14.3034, 手续费: 0.5786
2025-12-20 16:37:04.401 | DEBUG    | engine.backtest:_open_position:190 - 开仓: short 0.3226385224891119 @ 3027.6972, 手续费: 0.5861
2025-12-20 16:37:04.554 | DEBUG    | engine.backtest:_close_position:231 - 平仓: 3052.90526, PnL: -8.1331, 手续费: 0.5910
2025-12-20 16:37:04.554 | DEBUG    | engine.backtest:_open_position:190 - 开仓: long 0.3197334818771201 @ 3052.90526, 手续费: 0.5857
2025-12-20 16:37:04.684 | DEBUG    | engine.backtest:_close_position:231 - 平仓: 3034.6965, PnL: -5.8220, 手续费: 0.5822
2025-12-20 16:37:04.684 | DEBUG    | engine.backtest:_open_position:190 - 开仓: short 0.3213573137226129 @ 3034.6965, 手续费: 0.5851
2025-12-20 16:37:04.871 | DEBUG    | engine.backtest:_close_position:231 - 平仓: 3046.9046599999997, PnL: -3.9232, 手续费: 0.5875
2025-12-20 16:37:04.871 | DEBUG    | engine.backtest:_open_position:190 - 开仓: long 0.31996647639240666 @ 3046.9046599999997, 手续费: 0.5849
2025-12-20 16:37:04.958 | DEBUG    | engine.backtest:_close_position:231 - 平仓: 3026.4973200000004, PnL: -6.5297, 手续费: 0.5810
2025-12-20 16:37:04.958 | DEBUG    | engine.backtest:_open_position:190 - 开仓: short 0.32180530705959975 @ 3026.4973200000004, 手续费: 0.5844
2025-12-20 16:37:05.086 | DEBUG    | engine.backtest:_close_position:231 - 平仓: 3039.10388, PnL: -4.0569, 手续费: 0.5868
2025-12-20 16:37:05.086 | DEBUG    | engine.backtest:_open_position:190 - 开仓: long 0.3203624789579505 @ 3039.10388, 手续费: 0.5842
2025-12-20 16:37:05.178 | DEBUG    | engine.backtest:_close_position:231 - 平仓: 3012.6987, PnL: -8.4592, 手续费: 0.5791
2025-12-20 16:37:05.178 | DEBUG    | engine.backtest:_open_position:190 - 开仓: short 0.32278634315851484 @ 3012.6987, 手续费: 0.5835
2025-12-20 16:37:05.428 | DEBUG    | engine.backtest:_close_position:231 - 平仓: 3001.70014, PnL: 3.5502, 手续费: 0.5813
2025-12-20 16:37:05.428 | DEBUG    | engine.backtest:_open_position:190 - 开仓: long 0.3241133432679332 @ 3001.70014, 手续费: 0.5837
2025-12-20 16:37:05.843 | DEBUG    | engine.backtest:_close_position:231 - 平仓: 2983.00167, PnL: -6.0604, 手续费: 0.5801
2025-12-20 16:37:05.843 | DEBUG    | engine.backtest:_open_position:190 - 开仓: short 0.32583761700770253 @ 2983.00167, 手续费: 0.5832
2025-12-20 16:37:05.928 | DEBUG    | engine.backtest:_close_position:231 - 平仓: 2997.0996800000003, PnL: -4.5937, 手续费: 0.5859
2025-12-20 16:37:05.928 | DEBUG    | engine.backtest:_open_position:190 - 开仓: long 0.32417748401707924 @ 2997.0996800000003, 手续费: 0.5830
2025-12-20 16:37:06.117 | DEBUG    | engine.backtest:_close_position:231 - 平仓: 2983.7016, PnL: -4.3434, 手续费: 0.5803
2025-12-20 16:37:06.117 | DEBUG    | engine.backtest:_open_position:190 - 开仓: short 0.3253835181130012 @ 2983.7016, 手续费: 0.5825
2025-12-20 16:37:06.131 | DEBUG    | engine.backtest:_close_position:231 - 平仓: 2988.79885, PnL: -1.6586, 手续费: 0.5835
2025-12-20 16:37:06.132 | DEBUG    | engine.backtest:_open_position:190 - 开仓: long 0.3247990499390746 @ 2988.79885, 手续费: 0.5825
2025-12-20 16:37:06.162 | DEBUG    | engine.backtest:_close_position:231 - 平仓: 2985.20145, PnL: -1.1684, 手续费: 0.5818
2025-12-20 16:37:06.162 | DEBUG    | engine.backtest:_open_position:190 - 开仓: short 0.3250472941066464 @ 2985.20145, 手续费: 0.5822
2025-12-20 16:37:06.177 | DEBUG    | engine.backtest:_close_position:231 - 平仓: 2989.2989, PnL: -1.3319, 手续费: 0.5830
2025-12-20 16:37:06.177 | DEBUG    | engine.backtest:_open_position:190 - 开仓: long 0.3245831349419621 @ 2989.2989, 手续费: 0.5822
2025-12-20 16:37:06.382 | DEBUG    | engine.backtest:_close_position:231 - 平仓: 2989.6010100000003, PnL: 0.0981, 手续费: 0.5822
2025-12-20 16:37:06.382 | DEBUG    | engine.backtest:_open_position:190 - 开仓: short 0.3244497666537466 @ 2989.6010100000003, 手续费: 0.5820
2025-12-20 16:37:06.638 | DEBUG    | engine.backtest:_close_position:231 - 平仓: 3000.60003, PnL: -3.5686, 手续费: 0.5841
2025-12-20 16:37:06.638 | DEBUG    | engine.backtest:_open_position:190 - 开仓: long 0.323167311005905 @ 3000.60003, 手续费: 0.5818
2025-12-20 16:37:06.886 | DEBUG    | engine.backtest:_close_position:231 - 平仓: 3007.6992, PnL: 2.2942, 手续费: 0.5832
2025-12-20 16:37:06.886 | DEBUG    | engine.backtest:_open_position:190 - 开仓: short 0.322377594423069 @ 3007.6992, 手续费: 0.5818
2025-12-20 16:37:06.981 | DEBUG    | engine.backtest:_close_position:231 - 平仓: 3025.90256, PnL: -5.8684, 手续费: 0.5853
2025-12-20 16:37:06.981 | DEBUG    | engine.backtest:_open_position:190 - 开仓: long 0.320269785365747 @ 3025.90256, 手续费: 0.5815
2025-12-20 16:37:07.154 | DEBUG    | engine.backtest:_close_position:231 - 平仓: 3034.09656, PnL: 2.6243, 手续费: 0.5830
2025-12-20 16:37:07.155 | DEBUG    | engine.backtest:_open_position:190 - 开仓: short 0.31938908568009633 @ 3034.09656, 手续费: 0.5814
2025-12-20 16:37:07.250 | DEBUG    | engine.backtest:_close_position:231 - 平仓: 3042.90426, PnL: -2.8131, 手续费: 0.5831
2025-12-20 16:37:07.250 | DEBUG    | engine.backtest:_open_position:190 - 开仓: long 0.31839758022696224 @ 3042.90426, 手续费: 0.5813
2025-12-20 16:37:07.266 | DEBUG    | engine.backtest:_close_position:231 - 平仓: 3033.19665, PnL: -3.0909, 手续费: 0.5795
2025-12-20 16:37:07.266 | DEBUG    | engine.backtest:_open_position:190 - 开仓: short 0.3192125639345835 @ 3033.19665, 手续费: 0.5809
2025-12-20 16:37:07.715 | DEBUG    | engine.backtest:_close_position:231 - 平仓: 2912.451216, PnL: 38.5435, 手续费: 0.5578
2025-12-20 16:37:07.715 | DEBUG    | engine.backtest:_check_stop_loss_take_profit:267 - 触发止盈: 2912.16
2025-12-20 16:37:07.986 | DEBUG    | engine.backtest:_open_position:190 - 开仓: long 0.3449019951471186 @ 2818.68184, 手续费: 0.5833
2025-12-20 16:37:08.582 | DEBUG    | engine.backtest:_close_position:231 - 平仓: 2820.0179700000003, PnL: 0.4608, 手续费: 0.5836
2025-12-20 16:37:08.582 | DEBUG    | engine.backtest:_open_position:190 - 开仓: short 0.3446446046817879 @ 2820.0179700000003, 手续费: 0.5831
2025-12-20 16:37:09.003 | DEBUG    | engine.backtest:_close_position:231 - 平仓: 2753.77535, PnL: 22.8302, 手续费: 0.5694
2025-12-20 16:37:09.003 | DEBUG    | engine.backtest:_open_position:190 - 开仓: long 0.3537929675230158 @ 2753.77535, 手续费: 0.5846
2025-12-20 16:37:09.527 | DEBUG    | engine.backtest:_close_position:231 - 平仓: 2795.62041, PnL: 14.8045, 手续费: 0.5934
2025-12-20 16:37:09.527 | DEBUG    | engine.backtest:_open_position:190 - 开仓: short 0.3489150486921379 @ 2795.62041, 手续费: 0.5853
2025-12-20 16:37:09.598 | DEBUG    | engine.backtest:_close_position:231 - 平仓: 2811.38111, PnL: -5.4991, 手续费: 0.5886
2025-12-20 16:37:09.598 | DEBUG    | engine.backtest:_open_position:190 - 开仓: long 0.3467910384066929 @ 2811.38111, 手续费: 0.5850
2025-12-20 16:37:09.615 | DEBUG    | engine.backtest:_close_position:231 - 平仓: 2799.4200299999998, PnL: -4.1480, 手续费: 0.5825
2025-12-20 16:37:09.616 | DEBUG    | engine.backtest:_open_position:190 - 开仓: short 0.34801326642014135 @ 2799.4200299999998, 手续费: 0.5845
2025-12-20 16:37:10.151 | DEBUG    | engine.backtest:_close_position:231 - 平仓: 2805.38051, PnL: -2.0743, 手续费: 0.5858
2025-12-20 16:37:10.151 | DEBUG    | engine.backtest:_open_position:190 - 开仓: long 0.3472276484576069 @ 2805.38051, 手续费: 0.5845
2025-12-20 16:37:10.499 | DEBUG    | engine.backtest:_close_position:231 - 平仓: 2917.0122696000003, PnL: 38.7616, 手续费: 0.6077
2025-12-20 16:37:10.499 | DEBUG    | engine.backtest:_check_stop_loss_take_profit:263 - 触发止盈: 2917.304
2025-12-20 16:37:10.784 | DEBUG    | engine.backtest:_open_position:190 - 开仓: short 0.3240745158089019 @ 3016.7982899999997, 手续费: 0.5866
2025-12-20 16:37:11.350 | DEBUG    | engine.backtest:_close_position:231 - 平仓: 3044.0043699999997, PnL: -8.8168, 手续费: 0.5919
2025-12-20 16:37:11.350 | DEBUG    | engine.backtest:_open_position:190 - 开仓: long 0.3209139182000476 @ 3044.0043699999997, 手续费: 0.5861
2025-12-20 16:37:11.736 | DEBUG    | engine.backtest:_close_position:231 - 平仓: 3057.0942600000003, PnL: 4.2007, 手续费: 0.5886
2025-12-20 16:37:11.736 | DEBUG    | engine.backtest:_open_position:190 - 开仓: short 0.31957489696027835 @ 3057.0942600000003, 手续费: 0.5862
2025-12-20 16:37:12.113 | DEBUG    | engine.backtest:_close_position:231 - 平仓: 3072.20719, PnL: -4.8297, 手续费: 0.5891
2025-12-20 16:37:12.113 | DEBUG    | engine.backtest:_open_position:190 - 开仓: long 0.3178709568699646 @ 3072.20719, 手续费: 0.5859
2025-12-20 16:37:12.292 | DEBUG    | engine.backtest:_close_position:231 - 平仓: 3046.9952700000003, PnL: -8.0141, 手续费: 0.5811
2025-12-20 16:37:12.292 | DEBUG    | engine.backtest:_open_position:190 - 开仓: short 0.3201357502349217 @ 3046.9952700000003, 手续费: 0.5853
2025-12-20 16:37:12.331 | DEBUG    | engine.backtest:_close_position:231 - 平仓: 3108.5568246000003, PnL: -19.7081, 手续费: 0.5971
2025-12-20 16:37:12.331 | DEBUG    | engine.backtest:_check_stop_loss_take_profit:256 - 触发止损: 3108.246
2025-12-20 16:37:12.332 | DEBUG    | engine.backtest:_open_position:190 - 开仓: long 0.3110892974264515 @ 3129.5129199999997, 手续费: 0.5841
2025-12-20 16:37:12.372 | DEBUG    | engine.backtest:_close_position:231 - 平仓: 3066.3093384, PnL: -19.6620, 手续费: 0.5723
2025-12-20 16:37:12.372 | DEBUG    | engine.backtest:_check_stop_loss_take_profit:252 - 触发止损: 3066.616
2025-12-20 16:37:12.373 | DEBUG    | engine.backtest:_open_position:190 - 开仓: short 0.3168641657384439 @ 3065.29344, 手续费: 0.5828
2025-12-20 16:37:12.494 | DEBUG    | engine.backtest:_close_position:231 - 平仓: 3104.81045, PnL: -12.5215, 手续费: 0.5903
2025-12-20 16:37:12.494 | DEBUG    | engine.backtest:_open_position:190 - 开仓: long 0.3124526748132915 @ 3104.81045, 手续费: 0.5821
2025-12-20 16:37:12.774 | DEBUG    | engine.backtest:_close_position:231 - 平仓: 3123.6876, PnL: 5.8982, 手续费: 0.5856
2025-12-20 16:37:12.775 | DEBUG    | engine.backtest:_open_position:190 - 开仓: short 0.3106537720570906 @ 3123.6876, 手续费: 0.5822
2025-12-20 16:37:12.855 | DEBUG    | engine.backtest:_close_position:231 - 平仓: 3148.4148099999998, PnL: -7.6816, 手续费: 0.5868
2025-12-20 16:37:12.856 | DEBUG    | engine.backtest:_open_position:190 - 开仓: long 0.3079944463848393 @ 3148.4148099999998, 手续费: 0.5818
2025-12-20 16:37:13.309 | DEBUG    | engine.backtest:_close_position:231 - 平仓: 3211.27884, PnL: 19.3618, 手续费: 0.5934
2025-12-20 16:37:13.309 | DEBUG    | engine.backtest:_open_position:190 - 开仓: short 0.302471032773806 @ 3211.27884, 手续费: 0.5828
2025-12-20 16:37:13.923 | DEBUG    | engine.backtest:_close_position:231 - 平仓: 3206.9206599999998, PnL: 1.3182, 手续费: 0.5820
2025-12-20 16:37:13.923 | DEBUG    | engine.backtest:_open_position:190 - 开仓: long 0.30294745587570565 @ 3206.9206599999998, 手续费: 0.5829
2025-12-20 16:37:14.029 | DEBUG    | engine.backtest:_close_position:231 - 平仓: 3186.78129, PnL: -6.1012, 手续费: 0.5793
2025-12-20 16:37:14.029 | DEBUG    | engine.backtest:_open_position:190 - 开仓: short 0.3045731158659067 @ 3186.78129, 手续费: 0.5824
2025-12-20 16:37:14.438 | DEBUG    | engine.backtest:_close_position:231 - 平仓: 3214.12138, PnL: -8.3271, 手续费: 0.5874
2025-12-20 16:37:14.438 | DEBUG    | engine.backtest:_open_position:190 - 开仓: long 0.3017472460526674 @ 3214.12138, 手续费: 0.5819
2025-12-20 16:37:14.567 | DEBUG    | engine.backtest:_close_position:231 - 平仓: 3169.18305, PnL: -13.5600, 手续费: 0.5738
2025-12-20 16:37:14.567 | DEBUG    | engine.backtest:_open_position:190 - 开仓: short 0.30550046662254104 @ 3169.18305, 手续费: 0.5809
2025-12-20 16:37:14.894 | DEBUG    | engine.backtest:_close_position:231 - 平仓: 3140.81405, PnL: 8.6667, 手续费: 0.5757
2025-12-20 16:37:14.895 | DEBUG    | engine.backtest:_open_position:190 - 开仓: long 0.3085606562045531 @ 3140.81405, 手续费: 0.5815
2025-12-20 16:37:15.578 | DEBUG    | engine.backtest:_close_position:231 - 平仓: 3155.18445, PnL: 4.4341, 手续费: 0.5841
2025-12-20 16:37:15.578 | DEBUG    | engine.backtest:_open_position:190 - 开仓: short 0.3071974625162649 @ 3155.18445, 手续费: 0.5816
2025-12-20 16:37:15.823 | DEBUG    | engine.backtest:_close_position:231 - 平仓: 3178.7178400000003, PnL: -7.2294, 手续费: 0.5859
2025-12-20 16:37:15.823 | DEBUG    | engine.backtest:_open_position:190 - 开仓: long 0.3047199558514203 @ 3178.7178400000003, 手续费: 0.5812
2025-12-20 16:37:15.890 | DEBUG    | engine.backtest:_close_position:231 - 平仓: 3160.28394, PnL: -5.6172, 手续费: 0.5778
2025-12-20 16:37:15.890 | DEBUG    | engine.backtest:_open_position:190 - 开仓: short 0.30622169611408745 @ 3160.28394, 手续费: 0.5806
2025-12-20 16:37:16.599 | DEBUG    | engine.backtest:_close_position:231 - 平仓: 3139.51392, PnL: 6.3602, 手续费: 0.5768
2025-12-20 16:37:16.599 | DEBUG    | engine.backtest:_open_position:190 - 开仓: long 0.30847495149283427 @ 3139.51392, 手续费: 0.5811
2025-12-20 16:37:16.692 | DEBUG    | engine.backtest:_close_position:231 - 平仓: 3076.1083584, PnL: -19.5590, 手续费: 0.5693
2025-12-20 16:37:16.692 | DEBUG    | engine.backtest:_check_stop_loss_take_profit:252 - 触发止损: 3076.4159999999997
2025-12-20 16:37:16.693 | DEBUG    | engine.backtest:_open_position:190 - 开仓: short 0.31592677144627024 @ 3058.29414, 手续费: 0.5797
2025-12-20 16:37:17.026 | DEBUG    | engine.backtest:_close_position:231 - 平仓: 3029.40291, PnL: 9.1275, 手续费: 0.5742
2025-12-20 16:37:17.026 | DEBUG    | engine.backtest:_open_position:190 - 开仓: long 0.3192667717998053 @ 3029.40291, 手续费: 0.5803
2025-12-20 16:37:18.153 | DEBUG    | engine.backtest:_close_position:231 - 平仓: 3027.59721, PnL: -0.5765, 手续费: 0.5800
2025-12-20 16:37:18.153 | DEBUG    | engine.backtest:_open_position:190 - 开仓: short 0.31933594257581166 @ 3027.59721, 手续费: 0.5801
2025-12-20 16:37:18.419 | DEBUG    | engine.backtest:_close_position:231 - 平仓: 3030.00297, PnL: -0.7682, 手续费: 0.5806
2025-12-20 16:37:18.419 | DEBUG    | engine.backtest:_open_position:190 - 开仓: long 0.3190825531880337 @ 3030.00297, 手续费: 0.5801
2025-12-20 16:37:19.227 | DEBUG    | engine.backtest:_close_position:231 - 平仓: 3051.09486, PnL: 6.7301, 手续费: 0.5841
2025-12-20 16:37:19.228 | DEBUG    | engine.backtest:_open_position:190 - 开仓: short 0.3169958033924607 @ 3051.09486, 手续费: 0.5803
2025-12-20 16:37:19.641 | DEBUG    | engine.backtest:_close_position:231 - 平仓: 3048.3048, PnL: 0.8844, 手续费: 0.5798
2025-12-20 16:37:19.641 | DEBUG    | engine.backtest:_open_position:190 - 开仓: long 0.3173403638967027 @ 3048.3048, 手续费: 0.5804
2025-12-20 16:37:19.772 | DEBUG    | engine.backtest:_close_position:231 - 平仓: 3028.8970799999997, PnL: -6.1589, 手续费: 0.5767
2025-12-20 16:37:19.772 | DEBUG    | engine.backtest:_open_position:190 - 开仓: short 0.319068345232096 @ 3028.8970799999997, 手续费: 0.5799
2025-12-20 16:37:19.899 | DEBUG    | engine.backtest:_close_position:231 - 平仓: 3043.60433, PnL: -4.6926, 手续费: 0.5827
2025-12-20 16:37:19.900 | DEBUG    | engine.backtest:_open_position:190 - 开仓: long 0.31739766602255615 @ 3043.60433, 手续费: 0.5796
2025-12-20 16:37:20.371 | DEBUG    | engine.backtest:_close_position:231 - 平仓: 3044.79549, PnL: 0.3781, 手续费: 0.5798
2025-12-20 16:37:20.371 | DEBUG    | engine.backtest:_open_position:190 - 开仓: short 0.3171843872166006 @ 3044.79549, 手续费: 0.5795
2025-12-20 16:37:20.967 | DEBUG    | engine.backtest:_close_position:231 - 平仓: 3040.50402, PnL: 1.3612, 手续费: 0.5786
2025-12-20 16:37:20.967 | DEBUG    | engine.backtest:_open_position:190 - 开仓: long 0.3177022848897193 @ 3040.50402, 手续费: 0.5796
2025-12-20 16:37:21.286 | DEBUG    | engine.backtest:_close_position:231 - 平仓: 3028.8970799999997, PnL: -3.6876, 手续费: 0.5774
2025-12-20 16:37:21.286 | DEBUG    | engine.backtest:_open_position:190 - 开仓: short 0.3186960371154179 @ 3028.8970799999997, 手续费: 0.5792
2025-12-20 16:37:21.554 | DEBUG    | engine.backtest:_close_position:231 - 平仓: 3006.1005800000003, PnL: 7.2652, 手续费: 0.5748
2025-12-20 16:37:21.554 | DEBUG    | engine.backtest:_open_position:190 - 开仓: long 0.32138038168232724 @ 3006.1005800000003, 手续费: 0.5797
2025-12-20 16:37:21.713 | DEBUG    | engine.backtest:_close_position:231 - 平仓: 3125.7193968, PnL: 38.4431, 手续费: 0.6027
2025-12-20 16:37:21.713 | DEBUG    | engine.backtest:_check_stop_loss_take_profit:263 - 触发止盈: 3126.032
2025-12-20 16:37:22.081 | DEBUG    | engine.backtest:_open_position:190 - 开仓: short 0.3096995485954342 @ 3130.88688, 手续费: 0.5818
2025-12-20 16:37:22.534 | DEBUG    | engine.backtest:_close_position:231 - 平仓: 3105.1104800000003, PnL: 7.9829, 手续费: 0.5770
2025-12-20 16:37:22.535 | DEBUG    | engine.backtest:_open_position:190 - 开仓: long 0.3125527065744714 @ 3105.1104800000003, 手续费: 0.5823
2025-12-20 16:37:23.154 | DEBUG    | engine.backtest:_close_position:231 - 平仓: 3131.18685, PnL: 8.1502, 手续费: 0.5872
2025-12-20 16:37:23.154 | DEBUG    | engine.backtest:_open_position:190 - 开仓: short 0.3101107191690764 @ 3131.18685, 手续费: 0.5826
2025-12-20 16:37:23.394 | DEBUG    | engine.backtest:_close_position:231 - 平仓: 3166.91666, PnL: -11.0802, 手续费: 0.5893
2025-12-20 16:37:23.394 | DEBUG    | engine.backtest:_open_position:190 - 开仓: long 0.3062863989155379 @ 3166.91666, 手续费: 0.5820
2025-12-20 16:37:23.608 | DEBUG    | engine.backtest:_close_position:231 - 平仓: 3160.5839100000003, PnL: -1.9396, 手续费: 0.5808
2025-12-20 16:37:23.608 | DEBUG    | engine.backtest:_open_position:190 - 开仓: short 0.3067405693457071 @ 3160.5839100000003, 手续费: 0.5817
2025-12-20 16:37:24.004 | DEBUG    | engine.backtest:_close_position:231 - 平仓: 3170.21699, PnL: -2.9549, 手续费: 0.5835
2025-12-20 16:37:24.005 | DEBUG    | engine.backtest:_open_position:190 - 开仓: long 0.30573969689647046 @ 3170.21699, 手续费: 0.5816
2025-12-20 16:37:24.034 | DEBUG    | engine.backtest:_close_position:231 - 平仓: 3128.58711, PnL: -12.7279, 手续费: 0.5739
2025-12-20 16:37:24.035 | DEBUG    | engine.backtest:_open_position:190 - 开仓: short 0.30930228733274867 @ 3128.58711, 手续费: 0.5806
2025-12-20 16:37:24.395 | DEBUG    | engine.backtest:_close_position:231 - 平仓: 3122.11218, PnL: 2.0027, 手续费: 0.5794
2025-12-20 16:37:24.395 | DEBUG    | engine.backtest:_open_position:190 - 开仓: long 0.3100327364232493 @ 3122.11218, 手续费: 0.5808
2025-12-20 16:37:24.477 | DEBUG    | engine.backtest:_close_position:231 - 平仓: 3092.59071, PnL: -9.1526, 手续费: 0.5753
2025-12-20 16:37:24.477 | DEBUG    | engine.backtest:_open_position:190 - 开仓: short 0.31259637514073635 @ 3092.59071, 手续费: 0.5800
2025-12-20 16:37:24.532 | DEBUG    | engine.backtest:_close_position:231 - 平仓: 3114.6114300000004, PnL: -6.8836, 手续费: 0.5842
2025-12-20 16:37:24.532 | DEBUG    | engine.backtest:_open_position:190 - 开仓: long 0.3101899457388372 @ 3114.6114300000004, 手续费: 0.5797
2025-12-20 16:37:24.978 | DEBUG    | engine.backtest:_close_position:231 - 平仓: 3125.78739, PnL: 3.4667, 手续费: 0.5818
2025-12-20 16:37:24.978 | DEBUG    | engine.backtest:_open_position:190 - 开仓: short 0.3090928225324771 @ 3125.78739, 手续费: 0.5797
2025-12-20 16:37:25.090 | DEBUG    | engine.backtest:_close_position:231 - 平仓: 3136.2135900000003, PnL: -3.2227, 手续费: 0.5816
2025-12-20 16:37:25.090 | DEBUG    | engine.backtest:_open_position:190 - 开仓: long 0.30798707668825254 @ 3136.2135900000003, 手续费: 0.5795
2025-12-20 16:37:25.119 | DEBUG    | engine.backtest:_close_position:231 - 平仓: 3122.18775, PnL: -4.3198, 手续费: 0.5770
2025-12-20 16:37:25.119 | DEBUG    | engine.backtest:_open_position:190 - 开仓: short 0.30913340132480854 @ 3122.18775, 手续费: 0.5791
2025-12-20 16:37:25.485 | DEBUG    | engine.backtest:_close_position:231 - 平仓: 3129.5129199999997, PnL: -2.2645, 手续费: 0.5805
2025-12-20 16:37:25.485 | DEBUG    | engine.backtest:_open_position:190 - 开仓: long 0.3083620873052044 @ 3129.5129199999997, 手续费: 0.5790
2025-12-20 16:37:25.625 | DEBUG    | engine.backtest:_close_position:231 - 平仓: 3102.58971, PnL: -8.3021, 手续费: 0.5740
2025-12-20 16:37:25.625 | DEBUG    | engine.backtest:_open_position:190 - 开仓: short 0.31067102685283854 @ 3102.58971, 手续费: 0.5783
2025-12-20 16:37:25.681 | DEBUG    | engine.backtest:_close_position:231 - 平仓: 3115.51152, PnL: -4.0144, 手续费: 0.5807
2025-12-20 16:37:25.681 | DEBUG    | engine.backtest:_open_position:190 - 开仓: long 0.3092783060445144 @ 3115.51152, 手续费: 0.5781
2025-12-20 16:37:25.765 | DEBUG    | engine.backtest:_close_position:231 - 平仓: 3102.78969, PnL: -3.9346, 手续费: 0.5758
2025-12-20 16:37:25.765 | DEBUG    | engine.backtest:_open_position:190 - 开仓: short 0.3103203020356322 @ 3102.78969, 手续费: 0.5777
2025-12-20 16:37:25.821 | DEBUG    | engine.backtest:_close_position:231 - 平仓: 3113.81135, PnL: -3.4202, 手续费: 0.5798
2025-12-20 16:37:25.822 | DEBUG    | engine.backtest:_open_position:190 - 开仓: long 0.3091367131877356 @ 3113.81135, 手续费: 0.5776
2025-12-20 16:37:26.131 | DEBUG    | engine.backtest:_close_position:231 - 平仓: 3105.78939, PnL: -2.4799, 手续费: 0.5761
2025-12-20 16:37:26.131 | DEBUG    | engine.backtest:_open_position:190 - 开仓: short 0.30975622351483734 @ 3105.78939, 手续费: 0.5772
2025-12-20 16:37:26.388 | DEBUG    | engine.backtest:_close_position:231 - 平仓: 3118.9118599999997, PnL: -4.0648, 手续费: 0.5797
2025-12-20 16:37:26.389 | DEBUG    | engine.backtest:_open_position:190 - 开仓: long 0.3083472201588197 @ 3118.9118599999997, 手续费: 0.5770
2025-12-20 16:37:26.646 | DEBUG    | engine.backtest:_close_position:231 - 平仓: 3116.8882799999997, PnL: -0.6240, 手续费: 0.5767
2025-12-20 16:37:26.646 | DEBUG    | engine.backtest:_open_position:190 - 开仓: short 0.3084286785455537 @ 3116.8882799999997, 手续费: 0.5768
2025-12-20 16:37:26.845 | DEBUG    | engine.backtest:_close_position:231 - 平仓: 3156.6156300000002, PnL: -12.2531, 手续费: 0.5842
2025-12-20 16:37:26.845 | DEBUG    | engine.backtest:_open_position:190 - 开仓: long 0.30418289631679163 @ 3156.6156300000002, 手续费: 0.5761
2025-12-20 16:37:26.932 | DEBUG    | engine.backtest:_close_position:231 - 平仓: 3282.2237448, PnL: 38.2078, 手续费: 0.5990
2025-12-20 16:37:26.932 | DEBUG    | engine.backtest:_check_stop_loss_take_profit:263 - 触发止盈: 3282.552
2025-12-20 16:37:27.311 | DEBUG    | engine.backtest:_open_position:190 - 开仓: short 0.28595037667176043 @ 3370.16295, 手续费: 0.5782
2025-12-20 16:37:28.416 | DEBUG    | engine.backtest:_close_position:231 - 平仓: 3321.0320699999997, PnL: 14.0490, 手续费: 0.5698
2025-12-20 16:37:28.417 | DEBUG    | engine.backtest:_open_position:190 - 开仓: long 0.290627230087695 @ 3321.0320699999997, 手续费: 0.5791
2025-12-20 16:37:28.742 | DEBUG    | engine.backtest:_close_position:231 - 平仓: 3316.8682799999997, PnL: -1.2101, 手续费: 0.5784
2025-12-20 16:37:28.742 | DEBUG    | engine.backtest:_open_position:190 - 开仓: short 0.29086249927686986 @ 3316.8682799999997, 手续费: 0.5789
2025-12-20 16:37:28.801 | DEBUG    | engine.backtest:_close_position:231 - 平仓: 3327.9327599999997, PnL: -3.2182, 手续费: 0.5808
2025-12-20 16:37:28.802 | DEBUG    | engine.backtest:_open_position:190 - 开仓: long 0.2898218821265691 @ 3327.9327599999997, 手续费: 0.5787
2025-12-20 16:37:28.951 | DEBUG    | engine.backtest:_close_position:231 - 平仓: 3319.26804, PnL: -2.5112, 手续费: 0.5772
2025-12-20 16:37:28.951 | DEBUG    | engine.backtest:_open_position:190 - 开仓: short 0.290409863285853 @ 3319.26804, 手续费: 0.5784
2025-12-20 16:37:29.042 | DEBUG    | engine.backtest:_close_position:231 - 平仓: 3348.53482, PnL: -8.4994, 手续费: 0.5835
2025-12-20 16:37:29.042 | DEBUG    | engine.backtest:_open_position:190 - 开仓: long 0.28764066132932214 @ 3348.53482, 手续费: 0.5779
2025-12-20 16:37:29.136 | DEBUG    | engine.backtest:_close_position:231 - 平仓: 3318.76809, PnL: -8.5621, 手续费: 0.5728
2025-12-20 16:37:29.136 | DEBUG    | engine.backtest:_open_position:190 - 开仓: short 0.28986989931832613 @ 3318.76809, 手续费: 0.5772
2025-12-20 16:37:29.470 | DEBUG    | engine.backtest:_close_position:231 - 平仓: 3334.6334300000003, PnL: -4.5989, 手续费: 0.5800
2025-12-20 16:37:29.470 | DEBUG    | engine.backtest:_open_position:190 - 开仓: long 0.28837584414326467 @ 3334.6334300000003, 手续费: 0.5770
2025-12-20 16:37:29.653 | DEBUG    | engine.backtest:_close_position:231 - 平仓: 3319.668, PnL: -4.3157, 手续费: 0.5744
2025-12-20 16:37:29.653 | DEBUG    | engine.backtest:_open_position:190 - 开仓: short 0.289453275267603 @ 3319.668, 手续费: 0.5765
2025-12-20 16:37:29.683 | DEBUG    | engine.backtest:_close_position:231 - 平仓: 3335.93356, PnL: -4.7081, 手续费: 0.5794
2025-12-20 16:37:29.683 | DEBUG    | engine.backtest:_open_position:190 - 开仓: long 0.2879237536834785 @ 3335.93356, 手续费: 0.5763
2025-12-20 16:37:29.744 | DEBUG    | engine.backtest:_close_position:231 - 平仓: 3322.86768, PnL: -3.7620, 手续费: 0.5740
2025-12-20 16:37:29.744 | DEBUG    | engine.backtest:_open_position:190 - 开仓: short 0.28885027727559276 @ 3322.86768, 手续费: 0.5759
2025-12-20 16:37:29.776 | DEBUG    | engine.backtest:_close_position:231 - 平仓: 3328.63283, PnL: -1.6653, 手续费: 0.5769
2025-12-20 16:37:29.776 | DEBUG    | engine.backtest:_open_position:190 - 开仓: long 0.2883229990261243 @ 3328.63283, 手续费: 0.5758
2025-12-20 16:37:30.393 | DEBUG    | engine.backtest:_close_position:231 - 平仓: 3354.6645, PnL: 7.5055, 手续费: 0.5803
2025-12-20 16:37:30.393 | DEBUG    | engine.backtest:_open_position:190 - 开仓: short 0.28621769707161887 @ 3354.6645, 手续费: 0.5761
2025-12-20 16:37:31.105 | DEBUG    | engine.backtest:_close_position:231 - 平仓: 3221.12208, PnL: 38.2222, 手续费: 0.5532
2025-12-20 16:37:31.105 | DEBUG    | engine.backtest:_check_stop_loss_take_profit:267 - 触发止盈: 3220.8
2025-12-20 16:37:31.410 | DEBUG    | engine.backtest:_open_position:190 - 开仓: long 0.2998350443785931 @ 3215.3215, 手续费: 0.5784
2025-12-20 16:37:32.696 | DEBUG    | engine.backtest:_close_position:231 - 平仓: 3150.3849299999997, PnL: -19.4703, 手续费: 0.5668
2025-12-20 16:37:32.696 | DEBUG    | engine.backtest:_check_stop_loss_take_profit:252 - 触发止损: 3150.7
2025-12-20 16:37:32.697 | DEBUG    | engine.backtest:_open_position:190 - 开仓: short 0.30437240832522416 @ 3159.98397, 手续费: 0.5771
2025-12-20 16:37:33.017 | DEBUG    | engine.backtest:_close_position:231 - 平仓: 3179.41791, PnL: -5.9152, 手续费: 0.5806
2025-12-20 16:37:33.017 | DEBUG    | engine.backtest:_open_position:190 - 开仓: long 0.30234998401341506 @ 3179.41791, 手续费: 0.5768
2025-12-20 16:37:33.791 | DEBUG    | engine.backtest:_close_position:231 - 平仓: 3229.677, PnL: 15.1958, 手续费: 0.5859
2025-12-20 16:37:33.792 | DEBUG    | engine.backtest:_open_position:190 - 开仓: short 0.2980198607734476 @ 3229.677, 手续费: 0.5775
2025-12-20 16:37:34.218 | DEBUG    | engine.backtest:_close_position:231 - 平仓: 3250.92506, PnL: -6.3323, 手续费: 0.5813
2025-12-20 16:37:34.218 | DEBUG    | engine.backtest:_open_position:190 - 开仓: long 0.2959007675575359 @ 3250.92506, 手续费: 0.5772
2025-12-20 16:37:34.448 | DEBUG    | engine.backtest:_close_position:231 - 平仓: 3246.17535, PnL: -1.4054, 手续费: 0.5763
2025-12-20 16:37:34.448 | DEBUG    | engine.backtest:_open_position:190 - 开仓: short 0.2961956386629187 @ 3246.17535, 手续费: 0.5769
2025-12-20 16:37:34.709 | DEBUG    | engine.backtest:_close_position:231 - 平仓: 3267.22669, PnL: -6.2353, 手续费: 0.5806
2025-12-20 16:37:34.709 | DEBUG    | engine.backtest:_open_position:190 - 开仓: long 0.29411976336372037 @ 3267.22669, 手续费: 0.5766
2025-12-20 16:37:34.907 | DEBUG    | engine.backtest:_close_position:231 - 平仓: 3253.57461, PnL: -4.0153, 手续费: 0.5742
2025-12-20 16:37:34.907 | DEBUG    | engine.backtest:_open_position:190 - 开仓: short 0.29513606640859213 @ 3253.57461, 手续费: 0.5761
2025-12-20 16:37:35.663 | DEBUG    | engine.backtest:_close_position:231 - 平仓: 3248.5248199999996, PnL: 1.4904, 手续费: 0.5753
2025-12-20 16:37:35.664 | DEBUG    | engine.backtest:_open_position:190 - 开仓: long 0.29566441221588785 @ 3248.5248199999996, 手续费: 0.5763
2025-12-20 16:37:35.729 | DEBUG    | engine.backtest:_close_position:231 - 平仓: 3241.07586, PnL: -2.2024, 手续费: 0.5750
2025-12-20 16:37:35.729 | DEBUG    | engine.backtest:_open_position:190 - 开仓: short 0.2961812117860835 @ 3241.07586, 手续费: 0.5760
2025-12-20 16:37:35.762 | DEBUG    | engine.backtest:_close_position:231 - 平仓: 3244.5244199999997, PnL: -1.0214, 手续费: 0.5766
2025-12-20 16:37:35.762 | DEBUG    | engine.backtest:_open_position:190 - 开仓: long 0.2958585738359022 @ 3244.5244199999997, 手续费: 0.5760
2025-12-20 16:37:35.797 | DEBUG    | engine.backtest:_close_position:231 - 平仓: 3237.17625, PnL: -2.1740, 手续费: 0.5746
2025-12-20 16:37:35.797 | DEBUG    | engine.backtest:_open_position:190 - 开仓: short 0.29636816164503715 @ 3237.17625, 手续费: 0.5756
2025-12-20 16:37:35.999 | DEBUG    | engine.backtest:_close_position:231 - 平仓: 3108.3108, PnL: 38.1916, 手续费: 0.5527
2025-12-20 16:37:35.999 | DEBUG    | engine.backtest:_check_stop_loss_take_profit:267 - 触发止盈: 3108.0
2025-12-20 16:37:36.402 | DEBUG    | engine.backtest:_open_position:190 - 开仓: long 0.3117146436755693 @ 3090.309, 手续费: 0.5780
2025-12-20 16:37:38.831 | DEBUG    | engine.backtest:_close_position:231 - 平仓: 3120.78789, PnL: 9.5007, 手续费: 0.5837
2025-12-20 16:37:38.831 | DEBUG    | engine.backtest:_open_position:190 - 开仓: short 0.30887576662070193 @ 3120.78789, 手续费: 0.5784
2025-12-20 16:37:39.983 | DEBUG    | engine.backtest:_close_position:231 - 平仓: 3112.71124, PnL: 2.4947, 手续费: 0.5769
2025-12-20 16:37:39.983 | DEBUG    | engine.backtest:_open_position:190 - 开仓: long 0.30978219404207996 @ 3112.71124, 手续费: 0.5786
2025-12-20 16:37:40.190 | DEBUG    | engine.backtest:_close_position:231 - 平仓: 3101.78979, PnL: -3.3833, 手续费: 0.5765
2025-12-20 16:37:40.190 | DEBUG    | engine.backtest:_open_position:190 - 开仓: short 0.3106644741163795 @ 3101.78979, 手续费: 0.5782
2025-12-20 16:37:40.294 | DEBUG    | engine.backtest:_close_position:231 - 平仓: 3113.5113199999996, PnL: -3.6415, 手续费: 0.5804
2025-12-20 16:37:40.294 | DEBUG    | engine.backtest:_open_position:190 - 开仓: long 0.3094026295984977 @ 3113.5113199999996, 手续费: 0.5780
2025-12-20 16:37:41.107 | DEBUG    | engine.backtest:_close_position:231 - 平仓: 3121.18785, PnL: 2.3751, 手续费: 0.5794
2025-12-20 16:37:41.107 | DEBUG    | engine.backtest:_open_position:190 - 开仓: short 0.30861894550177316 @ 3121.18785, 手续费: 0.5780
2025-12-20 16:37:41.745 | DEBUG    | engine.backtest:_close_position:231 - 平仓: 3118.9118599999997, PnL: 0.7024, 手续费: 0.5775
2025-12-20 16:37:41.745 | DEBUG    | engine.backtest:_open_position:190 - 开仓: long 0.30889140350401545 @ 3118.9118599999997, 手续费: 0.5780
2025-12-20 16:37:41.924 | DEBUG    | engine.backtest:_close_position:231 - 平仓: 3111.9887700000004, PnL: -2.1385, 手续费: 0.5768
2025-12-20 16:37:41.924 | DEBUG    | engine.backtest:_open_position:190 - 开仓: short 0.3094108544711347 @ 3111.9887700000004, 手续费: 0.5777
2025-12-20 16:37:42.599 | DEBUG    | engine.backtest:_close_position:231 - 平仓: 3103.21029, PnL: 2.7162, 手续费: 0.5761
2025-12-20 16:37:42.599 | DEBUG    | engine.backtest:_open_position:190 - 开仓: long 0.3103985417084587 @ 3103.21029, 手续费: 0.5779
2025-12-20 16:37:42.705 | DEBUG    | engine.backtest:_close_position:231 - 平仓: 3077.89218, PnL: -7.8587, 手续费: 0.5732
2025-12-20 16:37:42.705 | DEBUG    | engine.backtest:_open_position:190 - 开仓: short 0.3125965331405773 @ 3077.89218, 手续费: 0.5773
2025-12-20 16:37:42.957 | DEBUG    | engine.backtest:_close_position:231 - 平仓: 3101.51012, PnL: -7.3829, 手续费: 0.5817
2025-12-20 16:37:42.957 | DEBUG    | engine.backtest:_open_position:190 - 开仓: long 0.31000272801263423 @ 3101.51012, 手续费: 0.5769
2025-12-20 16:37:43.616 | DEBUG    | engine.backtest:_close_position:231 - 平仓: 3082.6917, PnL: -5.8338, 手续费: 0.5734
2025-12-20 16:37:43.616 | DEBUG    | engine.backtest:_open_position:190 - 开仓: short 0.31160624612163657 @ 3082.6917, 手续费: 0.5764
2025-12-20 16:37:44.269 | DEBUG    | engine.backtest:_close_position:231 - 平仓: 3075.90756, PnL: 2.1140, 手续费: 0.5751
2025-12-20 16:37:44.269 | DEBUG    | engine.backtest:_open_position:190 - 开仓: long 0.31238727771916225 @ 3075.90756, 手续费: 0.5765
2025-12-20 16:37:45.007 | DEBUG    | engine.backtest:_close_position:231 - 平仓: 3117.58821, PnL: 13.0205, 手续费: 0.5843
2025-12-20 16:37:45.007 | DEBUG    | engine.backtest:_open_position:190 - 开仓: short 0.30852954734750077 @ 3117.58821, 手续费: 0.5771
2025-12-20 16:37:45.207 | DEBUG    | engine.backtest:_close_position:231 - 平仓: 3138.3138, PnL: -6.3945, 手续费: 0.5810
2025-12-20 16:37:45.207 | DEBUG    | engine.backtest:_open_position:190 - 开仓: long 0.30631262656078007 @ 3138.3138, 手续费: 0.5768
2025-12-20 16:37:45.283 | DEBUG    | engine.backtest:_close_position:231 - 平仓: 3127.6872, PnL: -3.2551, 手续费: 0.5748
2025-12-20 16:37:45.283 | DEBUG    | engine.backtest:_open_position:190 - 开仓: short 0.3071510085225468 @ 3127.6872, 手续费: 0.5764
2025-12-20 16:37:45.472 | DEBUG    | engine.backtest:_close_position:231 - 平仓: 3142.11418, PnL: -4.4313, 手续费: 0.5791
2025-12-20 16:37:45.472 | DEBUG    | engine.backtest:_open_position:190 - 开仓: long 0.3056240632643092 @ 3142.11418, 手续费: 0.5762
2025-12-20 16:37:45.948 | DEBUG    | engine.backtest:_close_position:231 - 平仓: 3146.88528, PnL: 1.4582, 手续费: 0.5771
2025-12-20 16:37:45.948 | DEBUG    | engine.backtest:_open_position:190 - 开仓: short 0.3051093588226045 @ 3146.88528, 手续费: 0.5761
2025-12-20 16:37:46.487 | DEBUG    | engine.backtest:_close_position:231 - 平仓: 3021.6141312, PnL: 38.2214, 手续费: 0.5532
2025-12-20 16:37:46.487 | DEBUG    | engine.backtest:_check_stop_loss_take_profit:267 - 触发止盈: 3021.312
2025-12-20 16:37:47.177 | DEBUG    | engine.backtest:_open_position:190 - 开仓: long 0.32716175334693853 @ 2946.69464, 手续费: 0.5784
2025-12-20 16:37:48.437 | DEBUG    | engine.backtest:_close_position:231 - 平仓: 2929.707, PnL: -5.5577, 手续费: 0.5751
2025-12-20 16:37:48.437 | DEBUG    | engine.backtest:_open_position:190 - 开仓: short 0.32876391379550246 @ 2929.707, 手续费: 0.5779
2025-12-20 16:37:48.902 | DEBUG    | engine.backtest:_close_position:231 - 平仓: 2934.0933800000003, PnL: -1.4421, 手续费: 0.5788
2025-12-20 16:37:48.902 | DEBUG    | engine.backtest:_open_position:190 - 开仓: long 0.32824950259644287 @ 2934.0933800000003, 手续费: 0.5779
2025-12-20 16:37:50.176 | DEBUG    | engine.backtest:_close_position:231 - 平仓: 2931.20685, PnL: -0.9475, 手续费: 0.5773
2025-12-20 16:37:50.176 | DEBUG    | engine.backtest:_open_position:190 - 开仓: short 0.32843531420801186 @ 2931.20685, 手续费: 0.5776
2025-12-20 16:37:50.898 | DEBUG    | engine.backtest:_close_position:231 - 平仓: 2962.2962, PnL: -10.2108, 手续费: 0.5838
2025-12-20 16:37:50.898 | DEBUG    | engine.backtest:_open_position:190 - 开仓: long 0.32466944682162346 @ 2962.2962, 手续费: 0.5771
2025-12-20 16:37:51.359 | DEBUG    | engine.backtest:_close_position:231 - 平仓: 2936.60631, PnL: -8.3407, 手续费: 0.5721
2025-12-20 16:37:51.359 | DEBUG    | engine.backtest:_open_position:190 - 开仓: short 0.3271210860578302 @ 2936.60631, 手续费: 0.5764
2025-12-20 16:37:51.469 | DEBUG    | engine.backtest:_close_position:231 - 平仓: 2950.5950300000004, PnL: -4.5760, 手续费: 0.5791
2025-12-20 16:37:51.469 | DEBUG    | engine.backtest:_open_position:190 - 开仓: long 0.3254410627575414 @ 2950.5950300000004, 手续费: 0.5761
2025-12-20 16:37:51.571 | DEBUG    | engine.backtest:_close_position:231 - 平仓: 2930.0069700000004, PnL: -6.7002, 手续费: 0.5721
2025-12-20 16:37:51.571 | DEBUG    | engine.backtest:_open_position:190 - 开仓: short 0.32739443745659175 @ 2930.0069700000004, 手续费: 0.5756
2025-12-20 16:37:51.840 | DEBUG    | engine.backtest:_close_position:231 - 平仓: 2951.09508, PnL: -6.9041, 手续费: 0.5797
2025-12-20 16:37:51.840 | DEBUG    | engine.backtest:_open_position:190 - 开仓: long 0.3248468146543875 @ 2951.09508, 手续费: 0.5752
2025-12-20 16:37:51.883 | DEBUG    | engine.backtest:_close_position:231 - 平仓: 2924.00757, PnL: -8.7993, 手续费: 0.5699
2025-12-20 16:37:51.884 | DEBUG    | engine.backtest:_open_position:190 - 开仓: short 0.3274505150105076 @ 2924.00757, 手续费: 0.5745
2025-12-20 16:37:51.965 | DEBUG    | engine.backtest:_close_position:231 - 平仓: 2944.69444, PnL: -6.7739, 手续费: 0.5785
2025-12-20 16:37:51.965 | DEBUG    | engine.backtest:_open_position:190 - 开仓: long 0.32494594683193345 @ 2944.69444, 手续费: 0.5741
2025-12-20 16:37:52.714 | DEBUG    | engine.backtest:_close_position:231 - 平仓: 2949.705, PnL: 1.6282, 手续费: 0.5751
2025-12-20 16:37:52.714 | DEBUG    | engine.backtest:_open_position:190 - 开仓: short 0.32434533569351137 @ 2949.705, 手续费: 0.5740
2025-12-20 16:37:53.793 | DEBUG    | engine.backtest:_close_position:231 - 平仓: 2934.69344, PnL: 4.8689, 手续费: 0.5711
2025-12-20 16:37:53.793 | DEBUG    | engine.backtest:_open_position:190 - 开仓: long 0.32619653714945623 @ 2934.69344, 手续费: 0.5744
2025-12-20 16:37:54.028 | DEBUG    | engine.backtest:_close_position:231 - 平仓: 2925.9073799999996, PnL: -2.8660, 手续费: 0.5727
2025-12-20 16:37:54.029 | DEBUG    | engine.backtest:_open_position:190 - 开仓: short 0.3269734870873692 @ 2925.9073799999996, 手续费: 0.5740
2025-12-20 16:37:54.463 | DEBUG    | engine.backtest:_close_position:231 - 平仓: 2927.4927199999997, PnL: -0.5184, 手续费: 0.5743
2025-12-20 16:37:54.463 | DEBUG    | engine.backtest:_open_position:190 - 开仓: long 0.32680484664585163 @ 2927.4927199999997, 手续费: 0.5740
2025-12-20 16:37:55.221 | DEBUG    | engine.backtest:_close_position:231 - 平仓: 2881.41183, PnL: -15.0595, 手续费: 0.5650
2025-12-20 16:37:55.221 | DEBUG    | engine.backtest:_open_position:190 - 开仓: short 0.3314027478894828 @ 2881.41183, 手续费: 0.5729
2025-12-20 16:37:55.949 | DEBUG    | engine.backtest:_close_position:231 - 平仓: 2826.78265, PnL: 18.1043, 手续费: 0.5621
2025-12-20 16:37:55.949 | DEBUG    | engine.backtest:_open_position:190 - 开仓: long 0.33847522446476136 @ 2826.78265, 手续费: 0.5741
2025-12-20 16:37:57.466 | DEBUG    | engine.backtest:_close_position:231 - 平仓: 2824.11756, PnL: -0.9021, 手续费: 0.5735
2025-12-20 16:37:57.466 | DEBUG    | engine.backtest:_open_position:190 - 开仓: short 0.33865431733218765 @ 2824.11756, 手续费: 0.5738
2025-12-20 16:37:57.676 | DEBUG    | engine.backtest:_close_position:231 - 平仓: 2834.78345, PnL: -3.6120, 手续费: 0.5760
2025-12-20 16:37:57.676 | DEBUG    | engine.backtest:_open_position:190 - 开仓: long 0.3372796134160728 @ 2834.78345, 手续费: 0.5737
2025-12-20 16:37:58.791 | DEBUG    | engine.backtest:_close_position:231 - 平仓: 2947.585212, PnL: 38.0457, 手续费: 0.5965
2025-12-20 16:37:58.791 | DEBUG    | engine.backtest:_check_stop_loss_take_profit:263 - 触发止盈: 2947.88
2025-12-20 16:37:59.312 | DEBUG    | engine.backtest:_open_position:190 - 开仓: short 0.3270537831215385 @ 2934.10656, 手续费: 0.5758
2025-12-20 16:37:59.487 | DEBUG    | engine.backtest:_close_position:231 - 平仓: 2817.3057024, PnL: 38.2002, 手续费: 0.5528
2025-12-20 16:37:59.487 | DEBUG    | engine.backtest:_check_stop_loss_take_profit:267 - 触发止盈: 2817.024
2025-12-20 16:38:00.259 | DEBUG    | engine.backtest:_open_position:190 - 开仓: long 0.3423645259980498 @ 2814.2814, 手续费: 0.5781
2025-12-20 16:38:01.297 | DEBUG    | engine.backtest:_close_position:231 - 平仓: 2926.267344, PnL: 38.3400, 手续费: 0.6011
2025-12-20 16:38:01.297 | DEBUG    | engine.backtest:_check_stop_loss_take_profit:263 - 触发止盈: 2926.56
2025-12-20 16:38:02.122 | DEBUG    | engine.backtest:_open_position:190 - 开仓: short 0.32909005580751666 @ 2938.50612, 手续费: 0.5802
2025-12-20 16:38:03.277 | DEBUG    | engine.backtest:_close_position:231 - 平仓: 2986.79865, PnL: -15.8926, 手续费: 0.5898
2025-12-20 16:38:03.277 | DEBUG    | engine.backtest:_open_position:190 - 开仓: long 0.32326254791066644 @ 2986.79865, 手续费: 0.5793
2025-12-20 16:38:03.320 | DEBUG    | engine.backtest:_close_position:231 - 平仓: 2965.00347, PnL: -7.0456, 手续费: 0.5751
2025-12-20 16:38:03.320 | DEBUG    | engine.backtest:_open_position:190 - 开仓: short 0.3252971379321586 @ 2965.00347, 手续费: 0.5787
2025-12-20 16:38:04.055 | DEBUG    | engine.backtest:_close_position:231 - 平仓: 2991.39911, PnL: -8.5864, 手续费: 0.5839
2025-12-20 16:38:04.055 | DEBUG    | engine.backtest:_open_position:190 - 开仓: long 0.3221653252826526 @ 2991.39911, 手续费: 0.5782
2025-12-20 16:38:04.449 | DEBUG    | engine.backtest:_close_position:231 - 平仓: 2976.20235, PnL: -4.8959, 手续费: 0.5753
2025-12-20 16:38:04.449 | DEBUG    | engine.backtest:_open_position:190 - 开仓: short 0.32354233639648816 @ 2976.20235, 手续费: 0.5778
2025-12-20 16:38:04.536 | DEBUG    | engine.backtest:_close_position:231 - 平仓: 2991.89916, PnL: -5.0786, 手续费: 0.5808
2025-12-20 16:38:04.536 | DEBUG    | engine.backtest:_open_position:190 - 开仓: long 0.32170077885266285 @ 2991.89916, 手续费: 0.5775
2025-12-20 16:38:04.667 | DEBUG    | engine.backtest:_close_position:231 - 平仓: 2981.80179, PnL: -3.2483, 手续费: 0.5755
2025-12-20 16:38:04.667 | DEBUG    | engine.backtest:_open_position:190 - 开仓: short 0.32257801957727605 @ 2981.80179, 手续费: 0.5771
2025-12-20 16:38:05.362 | DEBUG    | engine.backtest:_close_position:231 - 平仓: 2981.99817, PnL: -0.0633, 手续费: 0.5772
2025-12-20 16:38:05.362 | DEBUG    | engine.backtest:_open_position:190 - 开仓: long 0.32258045743952485 @ 2981.99817, 手续费: 0.5772
2025-12-20 16:38:05.881 | DEBUG    | engine.backtest:_close_position:231 - 平仓: 2979.9019799999996, PnL: -0.6762, 手续费: 0.5768
2025-12-20 16:38:05.881 | DEBUG    | engine.backtest:_open_position:190 - 开仓: short 0.322681410444221 @ 2979.9019799999996, 手续费: 0.5769
2025-12-20 16:38:06.337 | DEBUG    | engine.backtest:_close_position:231 - 平仓: 2988.69884, PnL: -2.8386, 手续费: 0.5786
2025-12-20 16:38:06.337 | DEBUG    | engine.backtest:_open_position:190 - 开仓: long 0.3216623355958977 @ 2988.69884, 手续费: 0.5768
2025-12-20 16:38:06.383 | DEBUG    | engine.backtest:_close_position:231 - 平仓: 2986.30134, PnL: -0.7712, 手续费: 0.5763
2025-12-20 16:38:06.383 | INFO     | strategies.base:on_stop:120 - 策略 MACD_Strategy 停止
2025-12-20 16:38:06.385 | INFO     | engine.backtest:run:483 - 回测完成: 总收益率 -3.89%
2025-12-20 16:38:06.385 | INFO     | engine.backtest:run:382 - 开始回测: BollingerBands_Strategy, 数据量: 2881
2025-12-20 16:38:06.386 | INFO     | strategies.base:on_init:106 - 策略 BollingerBands_Strategy 初始化
2025-12-20 16:38:06.386 | INFO     | strategies.base:on_start:113 - 策略 BollingerBands_Strategy 启动
2025-12-20 16:38:06.398 | DEBUG    | engine.backtest:_open_position:190 - 开仓: long 0.34532771600248635 @ 2896.0895800000003, 手续费: 0.6001
2025-12-20 16:38:06.406 | DEBUG    | engine.backtest:_close_position:231 - 平仓: 2837.6002116, PnL: -20.1980, 手续费: 0.5879
2025-12-20 16:38:06.406 | DEBUG    | engine.backtest:_check_stop_loss_take_profit:252 - 触发止损: 2837.884
2025-12-20 16:38:06.406 | DEBUG    | engine.backtest:_open_position:190 - 开仓: long 0.35416553678083407 @ 2817.78175, 手续费: 0.5988
2025-12-20 16:38:06.432 | DEBUG    | engine.backtest:_close_position:231 - 平仓: 2849.4150299999997, PnL: 11.2034, 手续费: 0.6055
2025-12-20 16:38:06.435 | DEBUG    | engine.backtest:_open_position:190 - 开仓: short 0.3456985236006631 @ 2889.11106, 手续费: 0.5993
2025-12-20 16:38:06.447 | DEBUG    | engine.backtest:_close_position:231 - 平仓: 2850.08498, PnL: 13.4913, 手续费: 0.5912
2025-12-20 16:38:06.465 | DEBUG    | engine.backtest:_open_position:190 - 开仓: long 0.35573983495880446 @ 2811.58113, 手续费: 0.6001
2025-12-20 16:38:06.502 | DEBUG    | engine.backtest:_close_position:231 - 平仓: 2754.7984926, PnL: -20.1998, 手续费: 0.5880
2025-12-20 16:38:06.502 | DEBUG    | engine.backtest:_check_stop_loss_take_profit:252 - 触发止损: 2755.074
2025-12-20 16:38:06.502 | DEBUG    | engine.backtest:_open_position:190 - 开仓: long 0.36534966224999854 @ 2731.77315, 手续费: 0.5988
2025-12-20 16:38:06.523 | DEBUG    | engine.backtest:_close_position:231 - 平仓: 2676.602313, PnL: -20.1566, 手续费: 0.5867
2025-12-20 16:38:06.524 | DEBUG    | engine.backtest:_check_stop_loss_take_profit:252 - 触发止损: 2676.87
2025-12-20 16:38:06.544 | DEBUG    | engine.backtest:_open_position:190 - 开仓: long 0.3774040706740497 @ 2638.86386, 手续费: 0.5976
2025-12-20 16:38:06.546 | DEBUG    | engine.backtest:_close_position:231 - 平仓: 2727.22725, PnL: 33.3487, 手续费: 0.6176
2025-12-20 16:38:06.593 | DEBUG    | engine.backtest:_open_position:190 - 开仓: short 0.35764005874965704 @ 2793.12066, 手续费: 0.5994
2025-12-20 16:38:06.601 | DEBUG    | engine.backtest:_close_position:231 - 平仓: 2728.77285, PnL: 23.0134, 手续费: 0.5856
2025-12-20 16:38:06.717 | DEBUG    | engine.backtest:_open_position:190 - 开仓: long 0.3662354907261005 @ 2734.0733800000003, 手续费: 0.6008
2025-12-20 16:38:06.747 | DEBUG    | engine.backtest:_close_position:231 - 平仓: 2749.62501, PnL: 5.6956, 手续费: 0.6042
2025-12-20 16:38:06.969 | DEBUG    | engine.backtest:_open_position:190 - 开仓: long 0.3654906374272884 @ 2740.87406, 手续费: 0.6011
2025-12-20 16:38:06.991 | DEBUG    | engine.backtest:_close_position:231 - 平仓: 2756.1243600000003, PnL: 5.5738, 手续费: 0.6044
2025-12-20 16:38:06.999 | DEBUG    | engine.backtest:_open_position:190 - 开仓: short 0.3622006285584395 @ 2766.4233299999996, 手续费: 0.6012
2025-12-20 16:38:07.067 | DEBUG    | engine.backtest:_close_position:231 - 平仓: 2822.3162033999997, PnL: -20.2444, 手续费: 0.6133
2025-12-20 16:38:07.067 | DEBUG    | engine.backtest:_check_stop_loss_take_profit:256 - 触发止损: 2822.0339999999997
2025-12-20 16:38:07.072 | DEBUG    | engine.backtest:_open_position:190 - 开仓: short 0.3537533452246726 @ 2826.4173299999998, 手续费: 0.5999
2025-12-20 16:38:07.144 | DEBUG    | engine.backtest:_close_position:231 - 平仓: 2820.0819800000004, PnL: 2.2412, 手续费: 0.5986
2025-12-20 16:38:07.158 | DEBUG    | engine.backtest:_open_position:190 - 开仓: long 0.356768880165162 @ 2803.38031, 手续费: 0.6001
2025-12-20 16:38:07.208 | DEBUG    | engine.backtest:_close_position:231 - 平仓: 2819.21805, PnL: 5.6504, 手续费: 0.6035
2025-12-20 16:38:07.308 | DEBUG    | engine.backtest:_open_position:190 - 开仓: short 0.35302336938715967 @ 2833.81659, 手续费: 0.6002
2025-12-20 16:38:07.364 | DEBUG    | engine.backtest:_close_position:231 - 平仓: 2814.18139, PnL: 6.9317, 手续费: 0.5961
2025-12-20 16:38:07.410 | DEBUG    | engine.backtest:_open_position:190 - 开仓: long 0.3578214487292336 @ 2797.97977, 手续费: 0.6007
2025-12-20 16:38:07.467 | DEBUG    | engine.backtest:_close_position:231 - 平仓: 2819.9179799999997, PnL: 7.8500, 手续费: 0.6054
2025-12-20 16:38:07.582 | DEBUG    | engine.backtest:_open_position:190 - 开仓: long 0.3605331837536607 @ 2778.77785, 手续费: 0.6011
2025-12-20 16:38:07.632 | DEBUG    | engine.backtest:_close_position:231 - 平仓: 2857.7142, PnL: 28.4592, 手续费: 0.6182
2025-12-20 16:38:07.820 | DEBUG    | engine.backtest:_open_position:190 - 开仓: long 0.35957237869054814 @ 2793.77935, 手续费: 0.6027
2025-12-20 16:38:07.958 | DEBUG    | engine.backtest:_close_position:231 - 平仓: 2815.9183799999996, PnL: 7.9606, 手续费: 0.6075
2025-12-20 16:38:08.035 | DEBUG    | engine.backtest:_open_position:190 - 开仓: short 0.35531141881952555 @ 2828.61711, 手续费: 0.6030
2025-12-20 16:38:08.136 | DEBUG    | engine.backtest:_close_position:231 - 平仓: 2885.7665478, PnL: -20.3058, 手续费: 0.6152
2025-12-20 16:38:08.137 | DEBUG    | engine.backtest:_check_stop_loss_take_profit:256 - 触发止损: 2885.478
2025-12-20 16:38:08.137 | DEBUG    | engine.backtest:_open_position:190 - 开仓: short 0.3441372670336944 @ 2914.20855, 手续费: 0.6017
2025-12-20 16:38:08.194 | DEBUG    | engine.backtest:_close_position:231 - 平仓: 2973.087279, PnL: -20.2624, 手续费: 0.6139
2025-12-20 16:38:08.194 | DEBUG    | engine.backtest:_check_stop_loss_take_profit:256 - 触发止损: 2972.79
2025-12-20 16:38:08.369 | DEBUG    | engine.backtest:_open_position:190 - 开仓: long 0.3405724524474924 @ 2938.99387, 手续费: 0.6006
2025-12-20 16:38:08.617 | DEBUG    | engine.backtest:_close_position:231 - 平仓: 2931.20685, PnL: -2.6520, 手续费: 0.5990
2025-12-20 16:38:08.806 | DEBUG    | engine.backtest:_open_position:190 - 开仓: long 0.3447705244462906 @ 2902.09018, 手续费: 0.6003
2025-12-20 16:38:08.989 | DEBUG    | engine.backtest:_close_position:231 - 平仓: 2920.80789, PnL: 6.4533, 手续费: 0.6042
2025-12-20 16:38:09.008 | DEBUG    | engine.backtest:_open_position:190 - 开仓: short 0.3419815461189873 @ 2926.7073, 手续费: 0.6005
2025-12-20 16:38:09.097 | DEBUG    | engine.backtest:_close_position:231 - 平仓: 2878.98787, PnL: 16.3192, 手续费: 0.5907
2025-12-20 16:38:09.398 | DEBUG    | engine.backtest:_open_position:190 - 开仓: short 0.33759648947593046 @ 2969.20305, 手续费: 0.6014
2025-12-20 16:38:09.547 | DEBUG    | engine.backtest:_close_position:231 - 平仓: 2956.09558, PnL: 4.4250, 手续费: 0.5988
2025-12-20 16:38:09.575 | DEBUG    | engine.backtest:_open_position:190 - 开仓: long 0.34170963215441835 @ 2934.99347, 手续费: 0.6017
2025-12-20 16:38:09.673 | DEBUG    | engine.backtest:_close_position:231 - 平仓: 2949.20505, PnL: 4.8562, 手续费: 0.6047
2025-12-20 16:38:09.786 | DEBUG    | engine.backtest:_open_position:190 - 开仓: long 0.34449870866149634 @ 2912.2912, 手续费: 0.6020
2025-12-20 16:38:10.020 | DEBUG    | engine.backtest:_close_position:231 - 平仓: 2912.80869, PnL: 0.1783, 手续费: 0.6021
2025-12-20 16:38:10.040 | DEBUG    | engine.backtest:_open_position:190 - 开仓: short 0.341892246744114 @ 2933.6066100000003, 手续费: 0.6018
2025-12-20 16:38:10.080 | DEBUG    | engine.backtest:_close_position:231 - 平仓: 2908.9908699999996, PnL: 8.4159, 手续费: 0.5967
2025-12-20 16:38:10.181 | DEBUG    | engine.backtest:_open_position:190 - 开仓: short 0.33747962730674674 @ 2974.1025600000003, 手续费: 0.6022
2025-12-20 16:38:10.212 | DEBUG    | engine.backtest:_close_position:231 - 平仓: 3034.1913888, PnL: -20.2788, 手续费: 0.6144
2025-12-20 16:38:10.212 | DEBUG    | engine.backtest:_check_stop_loss_take_profit:256 - 触发止损: 3033.888
2025-12-20 16:38:10.213 | DEBUG    | engine.backtest:_open_position:190 - 开仓: short 0.32982642408316365 @ 3036.59631, 手续费: 0.6009
2025-12-20 16:38:10.386 | DEBUG    | engine.backtest:_close_position:231 - 平仓: 3022.3022, PnL: 4.7146, 手续费: 0.5981
2025-12-20 16:38:10.488 | DEBUG    | engine.backtest:_open_position:190 - 开仓: short 0.3301922565501446 @ 3034.29654, 手续费: 0.6011
2025-12-20 16:38:10.602 | DEBUG    | engine.backtest:_close_position:231 - 平仓: 3030.80305, PnL: 1.1535, 手续费: 0.6004
2025-12-20 16:38:10.986 | DEBUG    | engine.backtest:_open_position:190 - 开仓: long 0.33257986428787595 @ 3013.1012800000003, 手续费: 0.6013
2025-12-20 16:38:11.143 | DEBUG    | engine.backtest:_close_position:231 - 平仓: 3009.699, PnL: -1.1315, 手续费: 0.6006
2025-12-20 16:38:11.450 | DEBUG    | engine.backtest:_open_position:190 - 开仓: long 0.332701188448509 @ 3011.3011, 手续费: 0.6011
2025-12-20 16:38:11.649 | DEBUG    | engine.backtest:_close_position:231 - 平仓: 3010.6989, PnL: -0.2004, 手续费: 0.6010
2025-12-20 16:38:11.757 | DEBUG    | engine.backtest:_open_position:190 - 开仓: short 0.33085255716439255 @ 3027.09726, 手续费: 0.6009
2025-12-20 16:38:11.819 | DEBUG    | engine.backtest:_close_position:231 - 平仓: 3010.10098, PnL: 5.6233, 手续费: 0.5975
2025-12-20 16:38:11.943 | DEBUG    | engine.backtest:_open_position:190 - 开仓: short 0.32710893532707497 @ 3063.09366, 手续费: 0.6012
2025-12-20 16:38:12.066 | DEBUG    | engine.backtest:_close_position:231 - 平仓: 3029.70294, PnL: 10.9224, 手续费: 0.5946
2025-12-20 16:38:12.190 | DEBUG    | engine.backtest:_open_position:190 - 开仓: short 0.326477939092967 @ 3071.9927700000003, 手续费: 0.6018
2025-12-20 16:38:12.315 | DEBUG    | engine.backtest:_close_position:231 - 平仓: 3028.3028, PnL: 14.2638, 手续费: 0.5932
2025-12-20 16:38:12.888 | DEBUG    | engine.backtest:_open_position:190 - 开仓: long 0.33223455398486695 @ 3023.3023, 手续费: 0.6027
2025-12-20 16:38:12.969 | DEBUG    | engine.backtest:_close_position:231 - 平仓: 3038.4961200000002, PnL: 5.0479, 手续费: 0.6057
2025-12-20 16:38:13.051 | DEBUG    | engine.backtest:_open_position:190 - 开仓: long 0.3334646570075309 @ 3013.3013, 手续费: 0.6029
2025-12-20 16:38:13.553 | DEBUG    | engine.backtest:_close_position:231 - 平仓: 2999.20005, PnL: -4.7023, 手续费: 0.6001
2025-12-20 16:38:13.581 | DEBUG    | engine.backtest:_open_position:190 - 开仓: short 0.3340114051532455 @ 3005.99937, 手续费: 0.6024
2025-12-20 16:38:13.652 | DEBUG    | engine.backtest:_close_position:231 - 平仓: 2995.59953, PnL: 3.4737, 手续费: 0.6003
2025-12-20 16:38:13.681 | DEBUG    | engine.backtest:_open_position:190 - 开仓: long 0.3366626144472475 @ 2983.5983300000003, 手续费: 0.6027
2025-12-20 16:38:13.752 | DEBUG    | engine.backtest:_close_position:231 - 平仓: 2993.4006299999996, PnL: 3.3001, 手续费: 0.6047
2025-12-20 16:38:14.117 | DEBUG    | engine.backtest:_open_position:190 - 开仓: short 0.3341787866502272 @ 3005.79939, 手续费: 0.6027
2025-12-20 16:38:14.221 | DEBUG    | engine.backtest:_close_position:231 - 平仓: 2990.19899, PnL: 5.2133, 手续费: 0.5996
2025-12-20 16:38:14.814 | DEBUG    | engine.backtest:_open_position:190 - 开仓: short 0.33215757492588927 @ 3025.29744, 手续费: 0.6029
2025-12-20 16:38:15.109 | DEBUG    | engine.backtest:_close_position:231 - 平仓: 3033.80335, PnL: -2.8253, 手续费: 0.6046
2025-12-20 16:38:15.376 | DEBUG    | engine.backtest:_open_position:190 - 开仓: long 0.3327060587793861 @ 3019.70194, 手续费: 0.6028
2025-12-20 16:38:15.531 | DEBUG    | engine.backtest:_close_position:231 - 平仓: 3031.89678, PnL: 4.0573, 手续费: 0.6052
2025-12-20 16:38:15.567 | DEBUG    | engine.backtest:_open_position:190 - 开仓: long 0.3341394604396955 @ 3007.60073, 手续费: 0.6030
2025-12-20 16:38:15.622 | DEBUG    | engine.backtest:_close_position:231 - 平仓: 2946.8592846, PnL: -20.2961, 手续费: 0.5908
2025-12-20 16:38:15.622 | DEBUG    | engine.backtest:_check_stop_loss_take_profit:252 - 触发止损: 2947.154
2025-12-20 16:38:15.623 | DEBUG    | engine.backtest:_open_position:190 - 开仓: long 0.3439351755497285 @ 2915.6915400000003, 手续费: 0.6017
2025-12-20 16:38:15.672 | DEBUG    | engine.backtest:_close_position:231 - 平仓: 2856.8062908, PnL: -20.2527, 手续费: 0.5895
2025-12-20 16:38:15.672 | DEBUG    | engine.backtest:_check_stop_loss_take_profit:252 - 触发止损: 2857.092
2025-12-20 16:38:15.673 | DEBUG    | engine.backtest:_open_position:190 - 开仓: long 0.35289536135234423 @ 2835.5835300000003, 手续费: 0.6004
2025-12-20 16:38:16.109 | DEBUG    | engine.backtest:_close_position:231 - 平仓: 2827.8171899999998, PnL: -2.7407, 手续费: 0.5988
2025-12-20 16:38:16.425 | DEBUG    | engine.backtest:_open_position:190 - 开仓: long 0.35479610934218486 @ 2819.2819, 手续费: 0.6002
2025-12-20 16:38:16.662 | DEBUG    | engine.backtest:_close_position:231 - 平仓: 2762.343738, PnL: -20.2014, 手续费: 0.5880
2025-12-20 16:38:16.662 | DEBUG    | engine.backtest:_check_stop_loss_take_profit:252 - 触发止损: 2762.62
2025-12-20 16:38:16.663 | DEBUG    | engine.backtest:_open_position:190 - 开仓: long 0.3661962530479707 @ 2725.67254, 手续费: 0.5989
2025-12-20 16:38:16.970 | DEBUG    | engine.backtest:_close_position:231 - 平仓: 2758.52412, PnL: 12.0301, 手续费: 0.6061
2025-12-20 16:38:17.059 | DEBUG    | engine.backtest:_open_position:190 - 开仓: short 0.35903183235271585 @ 2782.52172, 手续费: 0.5994
2025-12-20 16:38:17.383 | DEBUG    | engine.backtest:_close_position:231 - 平仓: 2794.1793900000002, PnL: -4.1855, 手续费: 0.6019
2025-12-20 16:38:17.893 | DEBUG    | engine.backtest:_open_position:190 - 开仓: long 0.3582846337827674 @ 2787.37871, 手续费: 0.5992
2025-12-20 16:38:17.953 | DEBUG    | engine.backtest:_close_position:231 - 平仓: 2801.61981, PnL: 5.1024, 手续费: 0.6023
2025-12-20 16:38:18.086 | DEBUG    | engine.backtest:_open_position:190 - 开仓: short 0.3539542899084046 @ 2822.0177700000004, 手续费: 0.5993
2025-12-20 16:38:18.362 | DEBUG    | engine.backtest:_close_position:231 - 平仓: 2879.0338746, PnL: -20.1811, 手续费: 0.6114
2025-12-20 16:38:18.362 | DEBUG    | engine.backtest:_check_stop_loss_take_profit:256 - 触发止损: 2878.746
2025-12-20 16:38:18.363 | DEBUG    | engine.backtest:_open_position:190 - 开仓: short 0.3454963289288753 @ 2884.9114799999998, 手续费: 0.5980
2025-12-20 16:38:18.399 | DEBUG    | engine.backtest:_close_position:231 - 平仓: 2943.1982904, PnL: -20.1379, 手续费: 0.6101
2025-12-20 16:38:18.399 | DEBUG    | engine.backtest:_check_stop_loss_take_profit:256 - 触发止损: 2942.904
2025-12-20 16:38:18.400 | DEBUG    | engine.backtest:_open_position:190 - 开仓: short 0.3368181650047263 @ 2952.9046799999996, 手续费: 0.5968
2025-12-20 16:38:18.437 | DEBUG    | engine.backtest:_close_position:231 - 平仓: 3012.5652263999996, PnL: -20.0948, 手续费: 0.6088
2025-12-20 16:38:18.437 | DEBUG    | engine.backtest:_check_stop_loss_take_profit:256 - 触发止损: 3012.2639999999997
2025-12-20 16:38:18.438 | DEBUG    | engine.backtest:_open_position:190 - 开仓: short 0.33119602676037213 @ 2996.6003100000003, 手续费: 0.5955
2025-12-20 16:38:18.785 | DEBUG    | engine.backtest:_close_position:231 - 平仓: 3002.3002, PnL: -1.8878, 手续费: 0.5966
2025-12-20 16:38:18.803 | DEBUG    | engine.backtest:_open_position:190 - 开仓: long 0.33266952284347456 @ 2982.9982699999996, 手续费: 0.5954
2025-12-20 16:38:18.940 | DEBUG    | engine.backtest:_close_position:231 - 平仓: 3011.79879, PnL: 9.5811, 手续费: 0.6012
2025-12-20 16:38:19.254 | DEBUG    | engine.backtest:_open_position:190 - 开仓: short 0.32627783097321894 @ 3043.39563, 手续费: 0.5958
2025-12-20 16:38:19.744 | DEBUG    | engine.backtest:_close_position:231 - 平仓: 3048.40481, PnL: -1.6344, 手续费: 0.5968
2025-12-20 16:38:19.977 | DEBUG    | engine.backtest:_open_position:190 - 开仓: short 0.3234538145984863 @ 3069.09306, 手续费: 0.5956
2025-12-20 16:38:20.197 | DEBUG    | engine.backtest:_close_position:231 - 平仓: 3047.60473, PnL: 6.9505, 手续费: 0.5915
2025-12-20 16:38:20.238 | DEBUG    | engine.backtest:_open_position:190 - 开仓: short 0.3174566913605406 @ 3128.88708, 手续费: 0.5960
2025-12-20 16:38:20.277 | DEBUG    | engine.backtest:_close_position:231 - 平仓: 3065.90656, PnL: 19.9936, 手续费: 0.5840
2025-12-20 16:38:20.845 | DEBUG    | engine.backtest:_open_position:190 - 开仓: short 0.3146491867578588 @ 3162.7836899999998, 手续费: 0.5971
2025-12-20 16:38:21.112 | DEBUG    | engine.backtest:_close_position:231 - 平仓: 3226.6846362, PnL: -20.1064, 手续费: 0.6092
2025-12-20 16:38:21.113 | DEBUG    | engine.backtest:_check_stop_loss_take_profit:256 - 触发止损: 3226.362
2025-12-20 16:38:21.113 | DEBUG    | engine.backtest:_open_position:190 - 开仓: short 0.30699708751083005 @ 3234.6765, 手续费: 0.5958
2025-12-20 16:38:21.406 | DEBUG    | engine.backtest:_close_position:231 - 平仓: 3196.91966, PnL: 11.5912, 手续费: 0.5889
2025-12-20 16:38:22.148 | DEBUG    | engine.backtest:_open_position:190 - 开仓: long 0.31435408626179295 @ 3162.91626, 手续费: 0.5966
2025-12-20 16:38:22.255 | DEBUG    | engine.backtest:_close_position:231 - 平仓: 3184.88148, PnL: 6.9049, 手续费: 0.6007
2025-12-20 16:38:22.298 | DEBUG    | engine.backtest:_open_position:190 - 开仓: long 0.3164557458510881 @ 3143.71434, 手续费: 0.5969
2025-12-20 16:38:22.363 | DEBUG    | engine.backtest:_close_position:231 - 平仓: 3213.4786200000003, PnL: 22.0773, 手续费: 0.6102
2025-12-20 16:38:22.669 | DEBUG    | engine.backtest:_open_position:190 - 开仓: long 0.3228821352055344 @ 3087.6087300000004, 手续费: 0.5982
2025-12-20 16:38:22.927 | DEBUG    | engine.backtest:_close_position:231 - 平仓: 3132.28674, PnL: 14.4257, 手续费: 0.6068
2025-12-20 16:38:23.214 | DEBUG    | engine.backtest:_open_position:190 - 开仓: short 0.3155426584765255 @ 3162.98367, 手续费: 0.5988
2025-12-20 16:38:23.526 | DEBUG    | engine.backtest:_close_position:231 - 平仓: 3155.81555, PnL: 2.2618, 手续费: 0.5975
2025-12-20 16:38:23.939 | DEBUG    | engine.backtest:_open_position:190 - 开仓: long 0.31787754594339757 @ 3140.7140400000003, 手续费: 0.5990
2025-12-20 16:38:24.487 | DEBUG    | engine.backtest:_close_position:231 - 平仓: 3138.8860799999998, PnL: -0.5811, 手续费: 0.5987
2025-12-20 16:38:24.580 | DEBUG    | engine.backtest:_open_position:190 - 开仓: long 0.326320790526456 @ 3058.90586, 手续费: 0.5989
2025-12-20 16:38:24.855 | DEBUG    | engine.backtest:_close_position:231 - 平仓: 2997.1282572, PnL: -20.1593, 手续费: 0.5868
2025-12-20 16:38:24.855 | DEBUG    | engine.backtest:_check_stop_loss_take_profit:252 - 触发止损: 2997.428
2025-12-20 16:38:25.600 | DEBUG    | engine.backtest:_open_position:190 - 开仓: short 0.3274644129991224 @ 3041.09586, 手续费: 0.5975
2025-12-20 16:38:26.000 | DEBUG    | engine.backtest:_close_position:231 - 平仓: 3028.2027900000003, PnL: 4.2220, 手续费: 0.5950
2025-12-20 16:38:26.048 | DEBUG    | engine.backtest:_open_position:190 - 开仓: long 0.32936168311831426 @ 3025.10248, 手续费: 0.5978
2025-12-20 16:38:26.265 | DEBUG    | engine.backtest:_close_position:231 - 平仓: 3029.3970299999996, PnL: 1.4145, 手续费: 0.5987
2025-12-20 16:38:26.699 | DEBUG    | engine.backtest:_open_position:190 - 开仓: short 0.3271516822345771 @ 3044.9954700000003, 手续费: 0.5977
2025-12-20 16:38:26.797 | DEBUG    | engine.backtest:_close_position:231 - 平仓: 3034.50342, PnL: 3.4325, 手续费: 0.5956
2025-12-20 16:38:26.919 | DEBUG    | engine.backtest:_open_position:190 - 开仓: short 0.32563196261433114 @ 3059.89398, 手续费: 0.5978
2025-12-20 16:38:27.115 | DEBUG    | engine.backtest:_close_position:231 - 平仓: 3046.10458, PnL: 4.4903, 手续费: 0.5951
2025-12-20 16:38:27.163 | DEBUG    | engine.backtest:_open_position:190 - 开仓: long 0.3287368203783315 @ 3032.60323, 手续费: 0.5982
2025-12-20 16:38:27.455 | DEBUG    | engine.backtest:_close_position:231 - 平仓: 3047.6952, PnL: 4.9613, 手续费: 0.6011
2025-12-20 16:38:28.356 | DEBUG    | engine.backtest:_open_position:190 - 开仓: long 0.3283951985700947 @ 3036.90366, 手续费: 0.5984
2025-12-20 16:38:28.712 | DEBUG    | engine.backtest:_close_position:231 - 平仓: 3039.89598, PnL: 0.9827, 手续费: 0.5990
2025-12-20 16:38:28.942 | DEBUG    | engine.backtest:_open_position:190 - 开仓: short 0.3271599051248495 @ 3047.6952, 手续费: 0.5983
2025-12-20 16:38:28.994 | DEBUG    | engine.backtest:_close_position:231 - 平仓: 3029.60293, PnL: 5.9191, 手续费: 0.5947
2025-12-20 16:38:29.097 | DEBUG    | engine.backtest:_open_position:190 - 开仓: long 0.33977794511866793 @ 2936.4936199999997, 手续费: 0.5987
2025-12-20 16:38:29.251 | DEBUG    | engine.backtest:_close_position:231 - 平仓: 3026.8972799999997, PnL: 30.7172, 手续费: 0.6171
2025-12-20 16:38:29.407 | DEBUG    | engine.backtest:_open_position:190 - 开仓: short 0.32224602934452257 @ 3104.78949, 手续费: 0.6003
2025-12-20 16:38:29.882 | DEBUG    | engine.backtest:_close_position:231 - 平仓: 3107.21069, PnL: -0.7802, 手续费: 0.6008
2025-12-20 16:38:29.935 | DEBUG    | engine.backtest:_open_position:190 - 开仓: long 0.3286599480815778 @ 3044.20439, 手续费: 0.6003
2025-12-20 16:38:30.250 | DEBUG    | engine.backtest:_close_position:231 - 平仓: 3077.6922, PnL: 11.0061, 手续费: 0.6069
2025-12-20 16:38:31.078 | DEBUG    | engine.backtest:_open_position:190 - 开仓: short 0.31839620515156447 @ 3144.7854899999998, 手续费: 0.6008
2025-12-20 16:38:31.368 | DEBUG    | engine.backtest:_close_position:231 - 平仓: 3144.51442, PnL: 0.0863, 手续费: 0.6007
2025-12-20 16:38:31.750 | DEBUG    | engine.backtest:_open_position:190 - 开仓: long 0.3220055913280766 @ 3109.81095, 手续费: 0.6008
2025-12-20 16:38:32.242 | DEBUG    | engine.backtest:_close_position:231 - 平仓: 3115.38843, PnL: 1.7960, 手续费: 0.6019
2025-12-20 16:38:32.881 | DEBUG    | engine.backtest:_open_position:190 - 开仓: long 0.3219418420309155 @ 3110.61103, 手续费: 0.6009
2025-12-20 16:38:33.130 | DEBUG    | engine.backtest:_close_position:231 - 平仓: 3119.78799, PnL: 2.9544, 手续费: 0.6026
2025-12-20 16:38:34.144 | DEBUG    | engine.backtest:_open_position:190 - 开仓: short 0.31975697022483185 @ 3131.78679, 手续费: 0.6008
2025-12-20 16:38:34.287 | DEBUG    | engine.backtest:_close_position:231 - 平仓: 3110.81105, PnL: 6.7071, 手续费: 0.5968
2025-12-20 16:38:34.491 | DEBUG    | engine.backtest:_open_position:190 - 开仓: short 0.31747988261507437 @ 3155.98437, 手续费: 0.6012
2025-12-20 16:38:34.547 | DEBUG    | engine.backtest:_close_position:231 - 平仓: 3219.7479426000004, PnL: -20.2437, 手续费: 0.6133
2025-12-20 16:38:34.547 | DEBUG    | engine.backtest:_check_stop_loss_take_profit:256 - 触发止损: 3219.4260000000004
2025-12-20 16:38:34.548 | DEBUG    | engine.backtest:_open_position:190 - 开仓: short 0.3081215143408022 @ 3244.8754799999997, 手续费: 0.5999
2025-12-20 16:38:34.634 | DEBUG    | engine.backtest:_close_position:231 - 平仓: 3310.4350104, PnL: -20.2003, 手续费: 0.6120
2025-12-20 16:38:34.635 | DEBUG    | engine.backtest:_check_stop_loss_take_profit:256 - 触发止损: 3310.104
2025-12-20 16:38:34.635 | DEBUG    | engine.backtest:_open_position:190 - 开仓: short 0.29812797843564676 @ 3346.4653200000002, 手续费: 0.5986
2025-12-20 16:38:35.066 | DEBUG    | engine.backtest:_close_position:231 - 平仓: 3323.53232, PnL: 6.8370, 手续费: 0.5945
2025-12-20 16:38:35.679 | DEBUG    | engine.backtest:_open_position:190 - 开仓: long 0.3028665789966368 @ 3296.6296300000004, 手续费: 0.5991
2025-12-20 16:38:36.009 | DEBUG    | engine.backtest:_close_position:231 - 平仓: 3310.3689299999996, PnL: 4.1612, 手续费: 0.6016
2025-12-20 16:38:36.657 | DEBUG    | engine.backtest:_open_position:190 - 开仓: short 0.29826030687605776 @ 3347.86518, 手续费: 0.5991
2025-12-20 16:38:36.747 | DEBUG    | engine.backtest:_close_position:231 - 平仓: 3319.43191, PnL: 8.4805, 手续费: 0.5940
2025-12-20 16:38:37.442 | DEBUG    | engine.backtest:_open_position:190 - 开仓: short 0.29891541161768903 @ 3342.96567, 手续费: 0.5996
2025-12-20 16:38:37.749 | DEBUG    | engine.backtest:_close_position:231 - 平仓: 3410.5070166, PnL: -20.1891, 手续费: 0.6117
2025-12-20 16:38:37.749 | DEBUG    | engine.backtest:_check_stop_loss_take_profit:256 - 触发止损: 3410.166
2025-12-20 16:38:37.750 | DEBUG    | engine.backtest:_open_position:190 - 开仓: short 0.2937244433728982 @ 3394.76049, 手续费: 0.5983
2025-12-20 16:38:38.027 | DEBUG    | engine.backtest:_close_position:231 - 平仓: 3355.3355, PnL: 11.5801, 手续费: 0.5913
2025-12-20 16:38:38.548 | DEBUG    | engine.backtest:_open_position:190 - 开仓: long 0.30653531472344075 @ 3256.92566, 手续费: 0.5990
2025-12-20 16:38:38.795 | DEBUG    | engine.backtest:_close_position:231 - 平仓: 3191.1488532, PnL: -20.1629, 手续费: 0.5869
2025-12-20 16:38:38.795 | DEBUG    | engine.backtest:_check_stop_loss_take_profit:252 - 触发止损: 3191.468
2025-12-20 16:38:40.216 | DEBUG    | engine.backtest:_open_position:190 - 开仓: long 0.3126480715476436 @ 3186.4186099999997, 手续费: 0.5977
2025-12-20 16:38:40.502 | DEBUG    | engine.backtest:_close_position:231 - 平仓: 3188.6811, PnL: 0.7074, 手续费: 0.5982
2025-12-20 16:38:40.755 | DEBUG    | engine.backtest:_open_position:190 - 开仓: short 0.30827865659177117 @ 3230.77689, 手续费: 0.5976
2025-12-20 16:38:41.457 | DEBUG    | engine.backtest:_close_position:231 - 平仓: 3232.52322, PnL: -0.5384, 手续费: 0.5979
2025-12-20 16:38:41.554 | DEBUG    | engine.backtest:_open_position:190 - 开仓: long 0.3121668124748555 @ 3190.6190300000003, 手续费: 0.5976
2025-12-20 16:38:41.716 | DEBUG    | engine.backtest:_close_position:231 - 平仓: 3249.4750200000003, PnL: 18.3729, 手续费: 0.6086
2025-12-20 16:38:42.255 | DEBUG    | engine.backtest:_open_position:190 - 开仓: short 0.30537281444181613 @ 3266.57331, 手续费: 0.5985
2025-12-20 16:38:42.490 | DEBUG    | engine.backtest:_close_position:231 - 平仓: 3248.62483, PnL: 5.4810, 手续费: 0.5952
2025-12-20 16:38:43.361 | DEBUG    | engine.backtest:_open_position:190 - 开仓: long 0.3093197704771788 @ 3226.9226599999997, 手续费: 0.5989
2025-12-20 16:38:43.499 | DEBUG    | engine.backtest:_close_position:231 - 平仓: 3161.7517931999996, PnL: -20.1586, 手续费: 0.5868
2025-12-20 16:38:43.499 | DEBUG    | engine.backtest:_check_stop_loss_take_profit:252 - 触发止损: 3162.0679999999998
2025-12-20 16:38:43.500 | DEBUG    | engine.backtest:_open_position:190 - 开仓: long 0.3157030175193991 @ 3154.9154599999997, 手续费: 0.5976
2025-12-20 16:38:43.533 | DEBUG    | engine.backtest:_close_position:231 - 平仓: 3091.1988491999996, PnL: -20.1155, 手续费: 0.5855
2025-12-20 16:38:43.533 | DEBUG    | engine.backtest:_check_stop_loss_take_profit:252 - 触发止损: 3091.508
2025-12-20 16:38:43.534 | DEBUG    | engine.backtest:_open_position:190 - 开仓: long 0.31944290305657935 @ 3111.3111, 手续费: 0.5963
2025-12-20 16:38:44.217 | DEBUG    | engine.backtest:_close_position:231 - 平仓: 3078.6921, PnL: -10.4199, 手续费: 0.5901
2025-12-20 16:38:49.157 | DEBUG    | engine.backtest:_open_position:190 - 开仓: short 0.32066749780261994 @ 3095.19045, 手续费: 0.5955
2025-12-20 16:38:51.561 | DEBUG    | engine.backtest:_close_position:231 - 平仓: 3117.41171, PnL: -7.1256, 手续费: 0.5998
2025-12-20 16:38:52.125 | DEBUG    | engine.backtest:_open_position:190 - 开仓: long 0.3199335951898124 @ 3100.31, 手续费: 0.5951
2025-12-20 16:38:53.210 | DEBUG    | engine.backtest:_close_position:231 - 平仓: 3119.688, PnL: 6.1997, 手续费: 0.5989
2025-12-20 16:38:57.992 | DEBUG    | engine.backtest:_open_position:190 - 开仓: short 0.31834928239648524 @ 3116.6883, 手续费: 0.5953
2025-12-20 16:39:01.187 | DEBUG    | engine.backtest:_close_position:231 - 平仓: 3120.71204, PnL: -1.2810, 手续费: 0.5961
2025-12-20 16:39:01.538 | DEBUG    | engine.backtest:_open_position:190 - 开仓: long 0.31888379216983415 @ 3111.3111, 手续费: 0.5953
2025-12-20 16:39:03.560 | DEBUG    | engine.backtest:_close_position:231 - 平仓: 3116.58831, PnL: 1.6828, 手续费: 0.5963
2025-12-20 16:39:04.854 | DEBUG    | engine.backtest:_open_position:190 - 开仓: long 0.3200414853844236 @ 3100.2099900000003, 手续费: 0.5953
2025-12-20 16:39:07.370 | DEBUG    | engine.backtest:_close_position:231 - 平仓: 3102.58971, PnL: 0.7616, 手续费: 0.5958
2025-12-20 16:39:12.602 | DEBUG    | engine.backtest:_open_position:190 - 开仓: long 0.32371391119942666 @ 3064.9064599999997, 手续费: 0.5953
2025-12-20 16:39:14.385 | DEBUG    | engine.backtest:_close_position:231 - 平仓: 3076.59231, PnL: 3.7829, 手续费: 0.5976
2025-12-20 16:39:14.746 | DEBUG    | engine.backtest:_open_position:190 - 开仓: short 0.31941051732302256 @ 3106.38933, 手续费: 0.5953
2025-12-20 16:39:20.603 | DEBUG    | engine.backtest:_close_position:231 - 平仓: 3169.1508833999997, PnL: -20.0467, 手续费: 0.6074
2025-12-20 16:39:20.603 | DEBUG    | engine.backtest:_check_stop_loss_take_profit:256 - 触发止损: 3168.834
2025-12-20 16:39:20.605 | DEBUG    | engine.backtest:_open_position:190 - 开仓: short 0.3125691201523793 @ 3167.5832100000002, 手续费: 0.5941
2025-12-20 16:39:22.549 | DEBUG    | engine.backtest:_close_position:231 - 平仓: 3143.1142800000002, PnL: 7.6482, 手续费: 0.5895
2025-12-20 16:39:22.927 | DEBUG    | engine.backtest:_open_position:190 - 开仓: long 0.31626741586808377 @ 3133.21329, 手续费: 0.5946
2025-12-20 16:39:23.728 | DEBUG    | engine.backtest:_close_position:231 - 平仓: 3069.9349758000003, PnL: -20.0129, 手续费: 0.5826
2025-12-20 16:39:23.728 | DEBUG    | engine.backtest:_check_stop_loss_take_profit:252 - 触发止损: 3070.242
2025-12-20 16:39:23.731 | DEBUG    | engine.backtest:_open_position:190 - 开仓: long 0.3241901728183917 @ 3050.10498, 手续费: 0.5933
2025-12-20 16:39:24.157 | DEBUG    | engine.backtest:_close_position:231 - 平仓: 2988.5051196, PnL: -19.9701, 手续费: 0.5813
2025-12-20 16:39:24.158 | DEBUG    | engine.backtest:_check_stop_loss_take_profit:252 - 触发止损: 2988.804
2025-12-20 16:39:24.159 | DEBUG    | engine.backtest:_open_position:190 - 开仓: long 0.32730674539347715 @ 3014.60143, 手续费: 0.5920
2025-12-20 16:39:25.484 | DEBUG    | engine.backtest:_close_position:231 - 平仓: 2953.7185986, PnL: -19.9274, 手续费: 0.5801
2025-12-20 16:39:25.485 | DEBUG    | engine.backtest:_check_stop_loss_take_profit:252 - 触发止损: 2954.014
2025-12-20 16:39:28.685 | DEBUG    | engine.backtest:_open_position:190 - 开仓: short 0.33163470262606254 @ 2968.30314, 手续费: 0.5906
2025-12-20 16:39:29.695 | DEBUG    | engine.backtest:_close_position:231 - 平仓: 2942.2942, PnL: 8.6255, 手续费: 0.5855
